:020000040800F2
:1000000020760020E10200082106010809CD000841
:10001000E1D60008F91400081125010800000000CD
:10002000000000000000000000000000B10C01080A
:100030003923000800000000A1060108A90D0108ED
:10004000FF020008FF020008FF020008FF0200088C
:10005000FF020008FF020008FF020008FF0200087C
:10006000FF020008FF020008FF020008FF0200086C
:10007000FF020008FF020008FF020008FF0200085C
:10008000FF020008FF020008FF02000879230008B1
:10009000B1230008FF020008FF020008FF02000869
:1000A000FF020008FF020008FF020008FF0200082C
:1000B00001100108FF020008FF020008FF0200080B
:1000C000FF020008FF020008FF020008FF0200080C
:1000D000FF020008FF020008FF020008FF020008FC
:1000E000FF020008FF02000800000000FF020008F5
:1000F000FF020008FF020008FF020008791600084E
:10010000FF020008FF020008FF020008FF020008CB
:10011000FF020008FF020008FF020008FF020008BB
:10012000FF020008FF020008FF020008FF020008AB
:10013000FF020008FF020008FF020008FF0200089B
:1001400000000000000000000000000000000000AF
:10015000FF020008FF020008FF020008FF0200087B
:10016000FF020008FF020008FF020008FF0200086B
:10017000FF020008FF020008FF0200080000000064
:10018000FF020008FF020008D9110108FF02000861
:10019000FF020008FF020008FF020008FF0200083B
:1001A000FF020008FF020008FF0200080000000034
:1001B000FF020008FF020008FF020008FF0200081B
:1001C000FF020008FF02000800000000000000001D
:1001D0000000000000000000FF0200080000000016
:1001E000000000000000000000000000000000000F
:1001F0000000000000000000FF020008FF020008ED
:10020000FF020008FF02000800000000FF020008D3
:10021000FF020008FF020008FF020008FF020008BA
:10022000FF02000800000000FF02000800000000BC
:10023000FF020008FF02000800000000FF020008A3
:10024000FF020008FF020008FF020008FF0200088A
:10025000FF020008FF020008FF020008FF0200087A
:10026000FF020008FF020008FF020008FF0200086A
:10027000FF020008FF020008FF0200080000000063
:10028000FF020008FF020008FF020008FF0200084A
:1002900000000000FF020008FF020008000000004C
:1002A00000000000FF020008FF020008FF02000833
:1002B000FF020008FF020008FF020008FF0200081A
:1002C000FF020008FF020008FF020008DFF80CD060
:1002D00000F050FE00480047C94301082076002086
:1002E000074880470748804707480047FEE7FEE782
:1002F000FEE7FEE7FEE7FEE7FEE7FEE7FEE7FEE7D6
:1003000051230008990E0108CD0200082DE9F05F85
:100310000546002092469B46884606468146402474
:100320001BE0284641464746224600F0B6F85346B1
:100330005A46C01A914110D311461846224600F081
:100340009DF82D1A67EB01084F4622460120002137
:1003500000F094F817EB00094E41201EA4F10104AF
:10036000DFDC484631462A464346BDE8F09F40EA76
:1003700001039B0703D009E008C9121F08C0042A23
:10038000FAD203E011F8013B00F8013B521EF9D20A
:100390007047D2B201E000F8012B491EFBD2704732
:1003A0000022F6E710B513460A4604461946FFF741
:1003B000F0FF204610BD421C10F8011B0029FBD1A4
:1003C000801A704710B5002200E0521C835C8C5CE0
:1003D000A34201D1002BF8D1D8B2E1B2401A10BD2E
:1003E00030B504460020034600E05B1C934203D274
:1003F000E05CCD5C401BF8D030BD30B50546002038
:10040000034600E05B1C934205D2EC5CC85C201AFA
:1004100001D1002CF6D130BD0FB400B58DB010A9BC
:1004200009900B9000914FF0FF300A9000200C9043
:1004300005480690054807906A4609A80F9900F0FC
:10044000B3FB0DB05DF814FBC50B0008E30B00080F
:1004500030B50B46014600202022012409E021FA94
:1004600002F59D4205D303FA02F5491B04FA02F591
:100470002844151EA2F10102F1DC30BD202A04DB64
:10048000203A00FA02F1002070479140C2F12003A7
:1004900020FA03F3194390407047202A04DB203AE6
:1004A00021FA02F00021704721FA02F3D040C2F194
:1004B000200291400843194670472DE9FF4F1C4622
:1004C00081B00021D4E9016791464FF0FF358A469B
:1004D0008846A1696D1C02988847216A834688472F
:1004E0000028F6D1BBF1FF3F0CD026F4C066002FE8
:1004F0001ADD700615D5BBF12B0F0AD0BBF12D0FFD
:100500000FD104E04FF0FF3005B0BDE8F08F46F4A6
:100510008066A1696D1C029888477F1E8346002F64
:1005200002DDBBF1300F03D0B9F1000F2AD025E076
:10053000A1696D1C46F400767F1E029888478346A9
:10054000002F05DDBBF1780F06D0BBF1580F03D0AB
:10055000B9F1000F10D011E0B9F1000F02D0B9F1DC
:10056000100F0BD1A1696D1C26F400767F1E029836
:1005700088478346102000E0082081464FEAE97052
:10058000009017E00A20F8E74346AAFB092803FB7E
:100590000980DDF800C07F1E0AFB0C0112EB0B0A7C
:1005A00041EBEB78A16946F4007605F1010502986C
:1005B00088478346002F06DD4946584600F009FD6E
:1005C0005FEA000BE0D5E16902988847B00502D4E4
:1005D0006FF0010098E7F00718D1700610D570058C
:1005E000514605D50023D1EB030163EB080200E07F
:1005F00042462068031D23600068C0E9001205E040
:100600002068011D21600068C0E900A828467BE73A
:100610002DE9FF5F1D464FF0FF3BD5E901469146AE
:100620005F464FF00008A9697F1C01988847296A36
:10063000824688470028F6D1BAF1FF3F0CD024F457
:10064000C064002E19DD600614D5BAF12B0F09D055
:10065000BAF12D0F0ED103E0584604B0BDE8F09F6B
:1006600044F48064A9697F1C01988847761E8246FD
:10067000002E02DDBAF1300F03D0B9F1000F26D001
:1006800032E0A969761E44F400747F1C0198884703
:100690008246002E05DDBAF1780F06D0BAF1580F68
:1006A00003D0B9F1000F10D01EE0B9F1000F02D055
:1006B000B9F1100F18D1A969761E24F400747F1CBB
:1006C000019888478246102002E0082000E00A20B6
:1006D000814609E008FB0908A969761E44F4007404
:1006E0007F1C019888478246002E05DD494650460A
:1006F00000F06FFC0028EDDAE96901988847A00551
:1007000002D46FF00100A8E7E00725D1600613D5F9
:10071000600502D5C8F1000000E0404629680A1DC6
:100720002A600968220501D5087015E0220701D565
:10073000088011E008600FE02868011D296000684A
:10074000210502D580F8008006E0210702D5A0F837
:10075000008001E0C0F8008038467EE72DE9FF5FA9
:10076000D2E901A74FF00008916999461446DDF8D7
:1007700038B0464601988847054659EA0B0005D02F
:1007800009E0A169761C019888470546216A284638
:1007900088470028F5D1681C03D05FEACA7005D0ED
:1007A00015E04FF0FF3004B0BDE8F09F2068011D58
:1007B0002160D0F800800AE05FEACA7001D108F831
:1007C000015BA169761C7F1E019888470546002FB2
:1007D0001ADD681C18D0B9F1000F0DD0E81705EB31
:1007E000D060421120F01F0059F822102A1A01206F
:1007F00090400142E0D107E0BBF1000FDCD1216A5B
:10080000284688470028D7D0E16901988847BBF17E
:10081000000F07D1002E05DD5FEACA7002D100216A
:1008200088F80010A068B84203DDBBF1000F03D0C8
:1008300017B16FF00100B6E73046B4E72DE9FF4F7E
:10084000087883B09946FF2805D0491C2D2804D08C
:100850000024002008E000200BE00124F9E700EB71
:10086000800003EB4000491C0B78FF2BF7D104B14B
:10087000404200230293147819461D462D2C01D0C6
:100880002B2C04D1521C2D2C13D000240294AA46E8
:100890001478FF2C0FD00A25A3FB057801FB0581F6
:1008A0004FF0000C03FB0C11521CE3194AEB010141
:1008B000EEE70124EAE7814453EA010002D019F58A
:1008C000C87F06DA03980021C0E9001107B0BDE82F
:1008D000F08F0025AE4E2F46DFF8B882184600F0A4
:1008E0007AFDCDE90001B9F1000002DAC9F1000496
:1008F00000E004460023A74A1AEB030B42EB045A1C
:1009000012E0E00707D02A4633463846414600F059
:1009100020FA074688462A4633461046194600F014
:1009200018FA05460E466410002CEAD1DDE90001F4
:10093000B9F1000F5A46534606DA00F07CFA3A46FF
:10094000434600F078FA05E000F003FA3A464346E1
:1009500000F0FFF9029A0AB181F00041039AC2E95E
:100960000001B3E72DE9FF4F1F468DB0D7E90146DF
:100970004FF0FF382E2045464FF000090B90B96923
:100980006D1C0E988847396A824688470028F6D140
:10099000BAF1FF3F0AD024F4D064002E11DDBAF181
:1009A0002B0F08D0BAF12D0F0BD102E0404611B049
:1009B0008DE744F48064B9696D1C0E9888478246BF
:1009C000761E6946600501D52D2000E02B208DF8AC
:1009D000000001F1010B0DF1200809E0B9696D1C5F
:1009E0000E98884782460F9844F40074761E05607E
:1009F000002E02DDBAF1300FF0D00B998A453ED1BE
:100A000044F0800406E00F99681CA9F1010944F440
:100A100000740860B9696D1C761E0E98884782467E
:100A20003028F0D02BE00B998A4505D1200603D45D
:100A300044F08004761E18E0504618F029F908B3F7
:100A40000DF11302761EAAF1300044F400749345B0
:100A500006D20BF8010B200607D5A9F1010003E02F
:100A6000200602D409F101008146A00502D50F99A4
:100A7000681C0860B9696D1C0E9888478246002E74
:100A8000D1DC53E0002E51DDBAF1650F02D0BAF18E
:100A9000450F4BD1A00549D5B9696D1C24F44074AC
:100AA000761E0E9888478246002E0CDD2B2804D037
:100AB000BAF12D0F07D144F48074B9696D1C0E98FA
:100AC00088478246761EE00501D52D2100E02B21C6
:100AD00008F8011BCDF82C8021E00DF12901761ECC
:100AE00044F4007488450CD2AAF1300010F0FF00E5
:100AF00088F8000002D10B99884509D908F101084E
:100B000006E0E00501D5244801E042F20F7081467D
:100B1000B9696D1C0E98884782460F980560002EB3
:100B200004DD504618F0B4F80028D6D1F9690E98C3
:100B30008847FF208BF8000088F80000002006900E
:100B400007904B466A4608A906A8FFF777FEA0055E
:100B500002D46FF001002AE714F0240F0AD0E00756
:100B600014D1DDE906123868031D3B600068C0E956
:100B700000120BE0DDE9060100F039FC0146E00758
:100B800004D13868021D3A600068016028460EE70B
:100B9000000014400000F03FF1D8FFFF026811444C
:100BA0001378016018467047D160044951610449C7
:100BB000116200211161114600F01ABA9D0B000864
:100BC000C90F0008426842B1016811F8013B23B126
:100BD000521EC0E90012184670470121C160881EEC
:100BE000704742685AB1C368016843B983688B4251
:100BF00005D0491E521CC0E90012002070474FF07A
:100C0000FF3070472DE9FE4F804681EA0300C00F98
:100C10000C46009021F0004123F00045B8EB0200A3
:100C2000A94105D24046214690461C460B46024645
:100C300023F00040104347D0270DC7F30A00C3F349
:100C40000A510290401A019040286BDAC3F3130056
:100C500040F4801B0098924620B10023D2EB030A97
:100C600063EB0B0B01985946C0F140025046FFF769
:100C700005FC06460D4650465946019A00F092F989
:100C800010EB08006141002487EA115284EAE773FF
:100C90001A4340D0009A62B3019A012A4FEA0752E0
:100CA00015DC001B61EB02014FF0004202EA075223
:100CB000CDE90042001C41F5801132462B4600F080
:100CC0003CFB03B0BDE8F08F40462146F9E7001B2E
:100CD00061EB0201001C41F5801300185B412018F4
:100CE000A2F5001747EB030140EAD570B6196D4134
:100CF00011E06D084FEA360645EAC0754FEA075223
:100D0000001B61EB0201001C41F5801149084FEA0C
:100D100030000019514132462B4603B0BDE8F04F78
:100D200000F0FCBA0098012240000023D0EB020240
:100D300063EBE073009821464FEAE074B8EB0000E3
:100D400061EB0401E9E783F000435BE781F00041D8
:100D500058E72DE9FE4F81EA030404F0004421F036
:100D6000004100944FF0000B23F0004350EA0104CF
:100D70005ED052EA03045BD0C3F30A54C1F30A55B0
:100D80002C44A4F2F3340194A0FB0254C1F31301E8
:100D900041F48011C3F3130343F4801301FB0244B5
:100DA00000FB034E840A970A44EA815447EA8357BA
:100DB000A4FB076802958D0A05FB07854FEA932C73
:100DC00004FB0C542705029D4FEA065847EA1637E4
:100DD000B5EB08056EEB070C870E920E47EA8117FC
:100DE00042EA8312A7FB0201B6EB0B0164EB00049D
:100DF0002B0D43EA0C335E1844EB1C50DA46514687
:100E0000E7FB0201C5F313044FEA0B3343EA145323
:100E10004FEA0432019C43EA0603A4F10C04029455
:100E2000009CCDE900B400F088FA03B0BDE8F08F73
:100E300000200146F9E72DE9F04D81EA030404F0B2
:100E4000004B21F0004514464FF0000A23F000410A
:100E500050EA050220D054EA01021DD0C5F30A571A
:100E60000246C5F31303C1F31300C1F30A5640F45D
:100E7000801543F48013A7EB0608101BD64608F232
:100E8000FD3873EB050002D308F1010801E0921868
:100E90005B41B8F1000F03DA00200146BDE8F08D98
:100EA00000204FF48011064684460EE0171B73EBBA
:100EB000050705D3121B63EB050306434CEA010C3F
:100EC00049084FEA300092185B4150EA0107EDD122
:100ED00052EA030012D082EA040083EA05010843C3
:100EE00005D0101BAB4106D20122002306E00022F0
:100EF0004FF0004302E06FF0010253101AEB0600BE
:100F00004CEB085110EB0A0041EB0B01BDE8F04D32
:100F100000F004BAC1F30A52C1F3130140F2FF33E7
:100F200041F480119A4202DA00200146704740F2F3
:100F300033439A42A2F2334202DC5242FFF7ADBA87
:100F4000FFF79CBA30B5041E71F1000404DB4FF0CA
:100F50000044404264EB0101141E73F1000405DB00
:100F60001C464FF00043524263EB0403994208BF12
:100F7000904230BD1CB509480090094801900546D3
:100F8000009C06E0E06840F0010394E80700984701
:100F90001034AC42F6D3FFF79DF9000084A001089D
:100FA000B4A00108202A06DBCB17203A41FA02F050
:100FB00043EAE07306E041FA02F3D040C2F12002B6
:100FC0009140084319467047C0B24FF4F05100F009
:100FD0002BBA3A2800D2303820F02002412A01D31F
:100FE000A2F13700884201D34FF0FF307047000074
:100FF0002DE9F34F8BB04FF0000801F10C000C46C7
:101000004FF0010B46460DF1080A0190626901217B
:1010100001989047051E2DD0252D2CD0216A884798
:10102000C0B16269012101989047216A8847002870
:10103000F7D1411E62690198904700E0761CA169D2
:101040000B988847216A88470028F7D1E1690B98F7
:101050008847DBE7A1690B9888470746A84201D17A
:10106000761CD3E7E1690B9888477F1C02D1B8F161
:10107000000F6FD046E1002762693D46394601986E
:1010800090472A2804D162690121019890470125DF
:10109000DFF884926269012101989047A0F1300144
:1010A0000A290AD24F45E5DC07EB870100EB41072F
:1010B000303FDFD445F01005ECE7E90601D46FF0CE
:1010C00000476C280AD04C2814D0682815D06A280C
:1010D0000DD074281CD07A281AD01DE06269012135
:1010E000019890476C2802D045F0040514E045F0C3
:1010F00002050DE045F020050AE062690121019832
:101100009047682802D045F0080505E045F40065E1
:101110006269012101989047C4E9015765283DD0D3
:1011200019DC58287AD00CDC452837D004DC252877
:1011300026D0412831D131E046282FD047282CD164
:101140002CE05B2877D0612828D063287CD06428E5
:1011500023D15AE0D0E06F2848D008DC66281DD0A3
:1011600067281BD0692821D06E2816D127E0702867
:1011700045D0732868D0752847D078280DD14DE028
:10118000A1690B988847054625283FF469AFE169B6
:101190000B9888476D1C3FF46AAFB3E023466A465C
:1011A0006FF001000B99FFF7DDFB9EE045F040007A
:1011B0006060A80723464FF0000236D43EE0E807FF
:1011C0007FF447AF2068011D21600068290501D523
:1011D00006701BE7290701D5068017E7A90703D585
:1011E000F117C0E9006111E706600FE745F0400024
:1011F0006060A80723464FF0080216D41EE040F6B0
:101200000E0125EA0100606016E045F040006060D4
:10121000A80723464FF00A0207D40FE045F040002C
:101220006060A80708D5234610226FF001000B99D3
:10123000FFF743F959E007E0234610226FF0010061
:101240000B99FFF7E5F950E04FF000094F464B4688
:10125000632802D05B2806D040E0E80601D40120D4
:10126000A06001273AE062690121019890475E2859
:1012700005D14FF0010962694946019890472169FB
:1012800039B900210A46534643F82120491C082950
:10129000FADBB0B3216969B9C11700EBD162531110
:1012A0000AEB830122F01F02821A01200B68904092
:1012B00003430B6062690121019890475D28E8D1E2
:1012C000B9F1000F09D00020514651F82020D24337
:1012D00041F82020401C0828F7DB02AB224600978B
:1012E0006FF001000B99FFF739FA00280CDA401C67
:1012F00008D1BBF1000F05D04FF0FF300DB0BDE8B5
:10130000F08FFFE74046F9E7E90701D108F101084E
:1013100006444FF0000B79E6CCCCCC0C10B5141E73
:1013200073F1000408DA401C41F1000192185B419E
:101330001A4301D120F0010010BD2DE9F04D924675
:101340009B4611B1B1FA81F202E0B0FA80F220328C
:101350009046FFF793F804460F4640EA0A0041EA38
:101360000B0153465A46084313D0114653EA010075
:1013700019D0C8F140025046FFF78FF805460E46D7
:10138000504659464246FFF779F8084305D00120F8
:1013900004E020463946BDE8F08D0020054346EACA
:1013A000E0762C4337430A986305E40AA0EB080073
:1013B0000022FD0A44EA47540A3002D500200146C3
:1013C000E9E7010510196941DDE90845001969419E
:1013D000BDE8F04DA2E70EB540F233420292002282
:1013E000CDE900221346FFF7A8FF03B000BD01F0CE
:1013F000004330B421F0004150EA010206D00A0D4A
:10140000A2F56072C1F31301002A02DC30BC002097
:101410007047440F44EAC104C100E01830BC00EB3F
:10142000C25000F015B800007F2801D9002208E062
:10143000064A02EB5002C007127800D1120902F0EE
:101440000F0201209040084070470000E49301081B
:101450000029A8BF7047401C490008BF20F00100C8
:10146000704710B4B0FA80FC00FA0CF050EA0104A6
:1014700004BF10BC704749B1CCF1200421FA04F438
:1014800011FA0CF118BF012121430843A3EB0C0111
:10149000CB1D4FEA00614FEA102042BF002010BC74
:1014A000704700EBC35010440029A4BF10BC704724
:1014B000401C490008BF20F0010010BC704730B547
:1014C0008C1810F8012B12F00F0301D110F8013B1A
:1014D000120906D110F8012B03E010F8015B01F8A6
:1014E000015B5B1EF9D101E001F8013B521EFBD10B
:1014F000A142E6D3002030BDFFE7FEE70000000078
:1015000080B540F2F830C2F2000012F0E5FB80BD79
:1015100080B582B0019000910199009A40F2F830B4
:10152000C2F200000CF090FF02B080BD000000008D
:1015300080B540F29840C2F2000012F0CDFB80BDB1
:1015400080B582B0019000910199009A40F29840D4
:10155000C2F200000CF078FF02B080BD0000000075
:1015600080B582B00190019812F092FB02B080BD6C
:1015700080B590B00E900D910C9203A82421FEF737
:101580000FFF0E9840B1FFE70C9828B1FFE70D98C8
:10159000B0F5006F04D3FFE701208DF83F0067E04E
:1015A0000E9812F075FB0290029870B3FFE7029953
:1015B0000868013008600D980299C86106F084FA45
:1015C0000299086202990C9A106852680A64C8630A
:1015D0000E9805F039F8029988620E98D0F89C00B0
:1015E000029988630298806A70B9FFE70299C86817
:1015F0000130C8600E98029912F016FB0E9805F0A3
:1016000023F802998862FFE7FFE70D980390002016
:1016100004900590082106910790089009900A907F
:101620000B900E980C9A03A904F0D6FC8DF80700D5
:101630000298C0B1FFE79DF80700029948620E9832
:10164000D0F89C00029988639DF8070028B9FFE74D
:10165000029948680130486004E0029988680130C6
:101660008860FFE7FFE79DF807008DF83F00FFE780
:101670009DF83F0010B080BD80B540F27830C2F2D6
:10168000000002F0CDFA80BD83B00290029801689C
:1016900001201022C4F202029142009000F0A380C7
:1016A000FFE70298016801202822C4F20202914259
:1016B000009000F09880FFE7029801680120402226
:1016C000C4F202029142009000F08D80FFE7029880
:1016D000016801205822C4F202029142009000F0F9
:1016E0008280FFE70298016801207022C4F20202A2
:1016F0009142009077D0FFE702980168012088228C
:10170000C4F20202914200906DD0FFE70298016896
:101710000120A022C4F202029142009063D0FFE7B0
:10172000029801680120B822C4F20202914200909E
:1017300059D0FFE702980168012040F21042C4F23C
:101740000202914200904ED0FFE70298016801200A
:1017500040F22842C4F202029142009043D0FFE7D7
:1017600002980168012040F24042C4F20202914214
:10177000009038D0FFE702980168012040F25842FB
:10178000C4F20202914200902DD0FFE70298016856
:10179000012040F27042C4F202029142009022D035
:1017A000FFE702980168012040F28842C4F2020279
:1017B0009142009017D0FFE702980168012040F2A3
:1017C000A042C4F20202914200900CD0FFE70298BE
:1017D00000684FF64831CBF6FD710844B0FA80F04E
:1017E00040090090FFE70098C00740B3FFE7029868
:1017F000007810384AF6AB21CAF6AA21A0FB0110E6
:1018000000090190019800F0070149F22850C0F644
:101810000100405C0299C8650198042807D3FFE7DE
:1018200002990868042262F30900886506E00299BB
:10183000086840F2FF3290438865FFE705E00299AF
:10184000086820F0FF008865FFE70298806D03B00C
:10185000704700000000000084B003900398006807
:10186000019003980168012045F20842C5F6020282
:10187000914200904ED0FFE703980168012045F2A5
:101880001C42C5F602029142009043D0FFE7039844
:101890000168012045F23042C5F6020291420090F3
:1018A00038D0FFE703980168012045F24442C5F6AD
:1018B0000202914200902DD0FFE7039801680120B9
:1018C00045F25842C5F602029142009022D0FFE74D
:1018D00003980168012045F26C42C5F6020291426C
:1018E000009017D0FFE703980168012045F280427D
:1018F000C5F60202914200900CD0FFE70398006801
:101900004AF66C31CAF2FD710844B0FA80F0400921
:101910000090FFE70098C00710B3FFE70398007836
:1019200008384CF6CD41CCF6CC41A0FB01100009A3
:101930000290029945F60000C5F6020000EB810016
:1019400003990866039945F68000C5F602004866CB
:10195000029800F01F01012088400399886635E055
:101960000398007810384AF6AB21CAF6AA21A0FBEA
:10197000011000090290019840F2B841C4F202013E
:1019800088420CD8FFE7019840F21041C4F20201EE
:10199000884204D3FFE7029808300290FFE70299DB
:1019A00040F60000C4F2020000EB810003990866D3
:1019B000039940F68000C4F202004866029800F0E5
:1019C0001F010120884003998866FFE704B0704733
:1019D00083B002900298007901900198002800F0ED
:1019E0008A80FFE70198082800F28580FFE70298C7
:1019F0000168012045F20842C5F6020291420090BA
:101A00004ED0FFE702980168012045F21C42C5F65E
:101A100002029142009043D0FFE702980168012042
:101A200045F23042C5F602029142009038D0FFE7FD
:101A300002980168012045F24442C5F60202914233
:101A400000902DD0FFE702980168012045F258422E
:101A5000C5F602029142009022D0FFE70298016889
:101A6000012045F26C42C5F602029142009017D067
:101A7000FFE702980168012045F28042C5F60202A4
:101A8000914200900CD0FFE7029800684AF66C3152
:101A9000CAF2FD710844B0FA80F040090090FFE7F7
:101AA0000098C00780B1FFE7019945F6FC00C5F634
:101AB000020000EB81000299C866029945F64010C9
:101AC000C5F6020008670FE0019940F6FC00C4F279
:101AD000020000EB81000299C866029940F64010AE
:101AE000C4F202000867FFE70198411E0120884008
:101AF00002994867FFE703B070470000000000004C
:101B000085B0049000208DF80F000498806918BB00
:101B1000FFE70498806A029003281BD80299DFE847
:101B200001F0020D0218049890F82F00C00720B1B0
:101B3000FFE701208DF80F00FFE70CE00498C06A72
:101B4000B0F1C07F04D1FFE701208DF80F00FFE75F
:101B500001E000E0FFE747E004988069B0F5005F2E
:101B600026D1FFE70498806A019003281ED80199C6
:101B7000DFE801F00206021101208DF80F0016E0E7
:101B8000049890F82F00C00720B1FFE701208DF8DE
:101B90000F00FFE70BE00498C06AB0F1C07F04D1EA
:101BA000FFE701208DF80F00FFE700E0FFE71AE0F4
:101BB0000498806A0090032804D3FFE70098032864
:101BC00004D00EE001208DF80F000BE0049890F88F
:101BD0002F00C00720B1FFE701208DF80F00FFE7BD
:101BE00000E0FFE7FFE7FFE79DF80F0005B0704753
:101BF00089B008900791069205930898806D04902B
:101C00000898806D03900898016801201022C4F2A2
:101C100002029142029000F00381FFE708980168F8
:101C200001202822C4F202029142029000F0F880C2
:101C3000FFE70898016801204022C4F202029142A5
:101C4000029000F0ED80FFE708980168012058221B
:101C5000C4F202029142029000F0E280FFE708988D
:101C6000016801207022C4F202029142029000F049
:101C7000D780FFE70898016801208822C4F2020299
:101C80009142029000F0CC80FFE7089801680120A3
:101C9000A022C4F202029142029000F0C180FFE74C
:101CA000089801680120B822C4F202029142029011
:101CB00000F0B680FFE708980168012040F210426A
:101CC000C4F202029142029000F0AA80FFE7089855
:101CD0000168012040F22842C4F2020291420290BF
:101CE00000F09E80FFE708980168012040F2404222
:101CF000C4F202029142029000F09280FFE708983D
:101D00000168012040F25842C4F20202914202905E
:101D100000F08680FFE708980168012040F27042D9
:101D2000C4F20202914202907AD0FFE7089801685B
:101D3000012040F28842C4F20202914202906FD028
:101D4000FFE708980168012040F2A042C4F20202B5
:101D50009142029064D0FFE708980168012040F2A8
:101D6000B842C4F202029142029059D0FFE70898AB
:101D70000168012045F20842C5F602029142029034
:101D80004ED0FFE708980168012045F21C42C5F6D5
:101D900002029142029043D0FFE7089801680120B7
:101DA00045F23042C5F602029142029038D0FFE778
:101DB00008980168012045F24442C5F602029142AA
:101DC00002902DD0FFE708980168012045F25842A3
:101DD000C5F602029142029022D0FFE708980168FE
:101DE000012045F26C42C5F602029142029017D0E2
:101DF000FFE708980168012045F28042C5F602021B
:101E0000914202900CD0FFE7089800684AF66C31C6
:101E1000CAF2FD710844B0FA80F040090290FFE771
:101E20000298C00770B1FFE70898416E806E486065
:101E30000898C06E28B1FFE70898016F406F4860AE
:101E4000FFE7FFE70898016801201022C4F20202B0
:101E50009142019000F0A380FFE7089801680120FB
:101E60002822C4F202029142019000F09880FFE71C
:101E70000898016801204022C4F2020291420190B8
:101E800000F08D80FFE70898016801205822C4F215
:101E900002029142019000F08280FFE708980168F9
:101EA00001207022C4F202029142019077D0FFE734
:101EB0000898016801208822C4F202029142019030
:101EC0006DD0FFE7089801680120A022C4F2020249
:101ED0009142019063D0FFE7089801680120B82281
:101EE000C4F202029142019059D0FFE708980168BC
:101EF000012040F21042C4F20202914201904ED001
:101F0000FFE708980168012040F22842C4F202026B
:101F10009142019043D0FFE708980168012040F208
:101F20004042C4F202029142019038D0FFE7089883
:101F30000168012040F25842C4F20202914201902D
:101F40002DD0FFE708980168012040F27042C4F2EA
:101F500002029142019022D0FFE708980168012017
:101F600040F28842C4F202029142019017D0FFE78A
:101F700008980168012040F2A042C4F20202914296
:101F800001900CD0FFE7089800684FF64831CBF677
:101F9000FD710844B0FA80F040090190FFE7019814
:101FA000C00750B3FFE70898C06D00F01F013F2045
:101FB00088400499886008980168086820F48020A7
:101FC0000860059808990968486008988068402862
:101FD00009D1FFE706980899096888600798089969
:101FE0000968C86008E00798089909688860069839
:101FF00008990968C860FFE782E008980168012035
:1020000045F20842C5F60202914200904ED0FFE729
:1020100008980168012045F21C42C5F6020291426F
:10202000009043D0FFE708980168012045F2304254
:10203000C5F602029142009038D0FFE70898016887
:10204000012045F24442C5F60202914200902DD093
:10205000FFE708980168012045F25842C5F60202E0
:102060009142009022D0FFE708980168012045F2D4
:102070006C42C5F602029142009017D0FFE7089823
:102080000168012045F28042C5F6020291420090AB
:102090000CD0FFE7089800684AF66C31CAF2FD716F
:1020A0000844B0FA80F040090090FFE70098C007AC
:1020B00020B3FFE70898C06D00F01F0101208840A1
:1020C00003994860059808990968486008988068ED
:1020D000402809D1FFE706980899096888600798A1
:1020E00008990968C86008E0079808990968886035
:1020F000069808990968C860FFE700E0FFE7FFE776
:1021000009B070470000000080B584B040F20000C4
:10211000C2F2004001904FF4C8710291FEF740F9FD
:102120000199029A40F28870C2F2000009F000FEA4
:1021300020B1FFE701208DF80F00F9E040F2887030
:10214000C2F20000D0F8800000681021C4F2020141
:10215000884200F0D180FFE740F28870C2F20000B0
:10216000D0F8800000682821C4F20201884200F003
:10217000C380FFE740F28870C2F20000D0F8800010
:1021800000684021C4F20201884200F0B580FFE7F8
:1021900040F28870C2F20000D0F880000068582138
:1021A000C4F20201884200F0A780FFE740F2887085
:1021B000C2F20000D0F8800000687021C4F2020171
:1021C000884200F09980FFE740F28870C2F2000078
:1021D000D0F8800000688821C4F20201884200F033
:1021E0008B80FFE740F28870C2F20000D0F88000D8
:1021F0000068A021C4F2020188427DD0FFE740F2CE
:102200008870C2F20000D0F880000068B821C4F2E3
:102210000201884270D0FFE740F28870C2F20000ED
:10222000D0F88000006840F21041C4F202018842F8
:1022300062D0FFE740F28870C2F20000D0F8800060
:10224000006840F22841C4F20201884254D0FFE7FE
:1022500040F28870C2F20000D0F88000006840F2BE
:102260004041C4F20201884246D0FFE740F2887044
:10227000C2F20000D0F88000006840F25841C4F279
:102280000201884238D0FFE740F28870C2F20000B5
:10229000D0F88000006840F27041C4F20201884228
:1022A0002AD0FFE740F28870C2F20000D0F8800028
:1022B000006840F28841C4F2020188421CD0FFE766
:1022C00040F28870C2F20000D0F88000006840F24E
:1022D000A041C4F2020188420ED0FFE740F28870AC
:1022E000C2F20000D0F88000006840F2B841C4F2A9
:1022F000020188420CD1FFE740F28870C2F2000070
:10230000D0F880000168086820F0080008600BE041
:1023100040F28870C2F20000D0F8800001680868BE
:1023200020F004000860FFE700208DF80F00FFE7B1
:102330009DF80F0004B080BD704700000000000051
:1023400081B0EFF3108072B60090FFE7FEE7000067
:1023500044F60C01C5F60201086840F0020008606E
:10236000FFE744F60400C5F6020000688004002878
:1023700001D4FFE7F5E7704780B540F2F830C2F2CC
:10238000000004F071F980BD80B582B040F2F830F1
:10239000C2F20000019004F0D7FF019803F048FF5B
:1023A0000AF0EEFFFFF7ACF802B080BD00000000BD
:1023B00080B540F29840C2F2000004F055F980BDAB
:1023C00080B582B040F29840C2F20000019004F063
:1023D000BBFF019803F02CFF0AF0E2FFFFF7A8F81B
:1023E00002B080BD0000000084B002900298406BF3
:1023F000009002980068D0F884004FF6FC71884382
:10240000009940EA810002990968C1F884000298A5
:102410000068D0F8840020F47F00029A1168926B63
:1024200040EA0240C1F884000298816B0098084499
:10243000009002980068D0F888006FF38F00009930
:1024400040EA810002990968C1F888000298006892
:10245000D0F8880020F4FE00029A1168D26B40EA9E
:102460000240C1F888000298C16B009800EB41005F
:10247000009002980068D0F8A0006FF38F000099D8
:1024800040EA810002990968C1F8A000029800683A
:10249000D0F8A00020F4FE00029A1168126C40EA05
:1024A0000240C1F8A0000299086C496C009A00FB38
:1024B0000120009002980068D0F8B0006FF38F0000
:1024C000009940EA810002990968C1F8B0000298B9
:1024D0000068D0F8B00020F4FE00029A1168926CF7
:1024E00040EA0240C1F8B0000299886CC96C009AB9
:1024F00000FB0120009002980068D0F8AC006FF358
:102500008F00009940EA810002990968C1F8AC0087
:102510000299086D496D009A00FB01200090029815
:102520000068D0F8F0006FF38F00009940EA810056
:1025300002990968C1F8F00002980068D0F8F0002C
:1025400020F47C10029A1168926D40EA0240C1F8B2
:10255000F0000298816D009800EB41000090029815
:102560000068D0F8C0006FF38F00009940EA810046
:1025700002990968C1F8C00002980068D0F8C0004C
:1025800020F47C10029A1168D26D40EA0240C1F832
:10259000C00002980068D0F8C00020F07C50029A79
:1025A0001168126E40EA0260C1F8C00002994A6BDD
:1025B0004AF60040C4F2000000EB8200C8660299AF
:1025C0008A6BC86E00EB820008670299CA6B086FBD
:1025D00000EBC200486702990A6C4B6C486F5A4383
:1025E00000EB8200886702998A6CCB6C886F5A4333
:1025F00000EB8200C86702990A6D4B6DC86F5A43A1
:1026000000EB8200C1F8800002998A6DD1F8800049
:1026100000EBC200C1F884000299CA6D8B6ED1F83C
:1026200084005A4300EB8200C1F8880002990A6EC8
:102630008B6ED1F888005A4300EB8200C1F89000FD
:102640000298D0F890004DF2FD31C4F200018842AA
:102650000FD3FFE70299D1F89C0040F02000C1F8A9
:102660009C000299032081F8980001208DF80F004A
:1026700017E00298C06E0190FFE701980299D1F827
:102680009010884208D2FFE7019900200860FFE718
:10269000019804300190F0E7FFE700208DF80F006B
:1026A000FFE79DF80F0004B0704700000000000035
:1026B00088B007900691059204930698406848B93F
:1026C000FFE70698016882680069104340EA81408C
:1026D000039009E006980168826800691043084386
:1026E00040F080400390FFE70698D0F820C0C16812
:1026F00042698369C06940EA0C601843104340EAAC
:10270000014002900798826ED0F8840004995143EA
:1027100000EB810001900398019908600198043052
:1027200001900298019908600198043001900020FE
:102730000090FFE700980699CA6849F21851C0F660
:102740000101895C88420DD2FFE705980099405845
:1027500001990860019804300190FFE70098043067
:102760000090E7E708B0704780B58AB0089005F0A0
:10277000ABF90490089828B9FFE701208DF82700ED
:1027800000F0AABC089890F8350002280ED0FFE7A8
:10279000089980204865FFE70899002081F83400F7
:1027A000FFE701208DF8270000F096BC089801682B
:1027B00001201022C4F202029142039000F0A38093
:1027C000FFE70898016801202822C4F20202914222
:1027D000039000F09880FFE70898016801204022EC
:1027E000C4F202029142039000F08D80FFE7089846
:1027F000016801205822C4F202029142039000F0C5
:102800008280FFE70898016801207022C4F202026A
:102810009142039077D0FFE7089801680120882251
:10282000C4F20202914203906DD0FFE7089801685C
:102830000120A022C4F202029142039063D0FFE77C
:10284000089801680120B822C4F202029142039064
:1028500059D0FFE708980168012040F21042C4F205
:102860000202914203904ED0FFE7089801680120D0
:1028700040F22842C4F202029142039043D0FFE7A3
:1028800008980168012040F24042C4F202029142DD
:10289000039038D0FFE708980168012040F25842C1
:1028A000C4F20202914203902DD0FFE7089801681C
:1028B000012040F27042C4F202029142039022D001
:1028C000FFE708980168012040F28842C4F2020242
:1028D0009142039017D0FFE708980168012040F269
:1028E000A042C4F20202914203900CD0FFE7089884
:1028F00000684FF64831CBF6FD710844B0FA80F01D
:1029000040090390FFE70398C00780B1FFE70898EC
:102910000168086820F01E0008600898016848698E
:1029200020F08000486108980068059009E0089848
:102930000168086820F00E0008600898006805909B
:10294000FFE70898016801201022C4F202029142B8
:10295000029000F00381FFE7089801680120282217
:10296000C4F202029142029000F0F880FFE708985A
:10297000016801204022C4F202029142029000F05C
:10298000ED80FFE70898016801205822C4F2020296
:102990009142029000F0E280FFE708980168012070
:1029A0007022C4F202029142029000F0D780FFE749
:1029B0000898016801208822C4F202029142029024
:1029C00000F0CC80FFE7089801680120A022C4F243
:1029D00002029142029000F0C180FFE7089801686E
:1029E0000120B822C4F202029142029000F0B680A7
:1029F000FFE708980168012040F21042C4F2020289
:102A00009142029000F0AA80FFE708980168012037
:102A100040F22842C4F202029142029000F09E80ED
:102A2000FFE708980168012040F24042C4F2020228
:102A30009142029000F09280FFE70898016801201F
:102A400040F25842C4F202029142029000F08680A5
:102A5000FFE708980168012040F27042C4F20202C8
:102A6000914202907AD0FFE708980168012040F275
:102A70008842C4F20202914202906FD0FFE70898A8
:102A80000168012040F2A042C4F202029142029089
:102A900064D0FFE708980168012040F2B842C4F210
:102AA00002029142029059D0FFE708980168012084
:102AB00045F20842C5F60202914202904ED0FFE76D
:102AC00008980168012045F21C42C5F602029142B5
:102AD000029043D0FFE708980168012045F2304298
:102AE000C5F602029142029038D0FFE708980168CB
:102AF000012045F24442C5F60202914202902DD0D7
:102B0000FFE708980168012045F25842C5F6020225
:102B10009142029022D0FFE708980168012045F217
:102B20006C42C5F602029142029017D0FFE7089866
:102B30000168012045F28042C5F6020291420290EE
:102B40000CD0FFE7089800684AF66C31CAF2FD71B4
:102B50000844B0FA80F040090290FFE70298C007ED
:102B600038B1FFE70898016E086820F480700860AB
:102B7000FFE7089800681021C4F20201884200F0C3
:102B80008180FFE7089800682821C4F2020188428A
:102B900078D0FFE7089800684021C4F2020188421B
:102BA00070D0FFE7089800685821C4F202018842FB
:102BB00068D0FFE7089800687021C4F202018842DB
:102BC00060D0FFE7089800688821C4F202018842BB
:102BD00058D0FFE708980068A021C4F2020188429B
:102BE00050D0FFE708980068B821C4F2020188427B
:102BF00048D0FFE70898006840F21041C4F2020193
:102C000088423FD0FFE70898006840F22841C4F2AC
:102C10000201884236D0FFE70898006840F2404140
:102C2000C4F2020188422DD0FFE70898006840F204
:102C30005841C4F20201884224D0FFE70898006896
:102C400040F27041C4F2020188421BD0FFE70898AD
:102C5000006840F28841C4F20201884212D0FFE7C6
:102C60000898006840F2A041C4F20201884209D0ED
:102C7000FFE70898006840F2B841C4F202018842B8
:102C800007D1FFE708980168086820F00100086094
:102C900006E008980168086820F001000860FFE776
:102CA000FFE705980068C007C8B1FFE704F00CFF14
:102CB0000499401A062811D3FFE708992020486597
:102CC0000899032081F83500FFE70899002081F872
:102CD0003400FFE701208DF82700FDE1E1E70898C7
:102CE000016801201022C4F202029142019000F01A
:102CF000A380FFE70898016801202822C4F202029D
:102D00009142019000F09880FFE708980168012047
:102D10004022C4F202029142019000F08D80FFE750
:102D20000898016801205822C4F2020291420190E1
:102D300000F08280FFE70898016801207022C4F249
:102D400002029142019077D0FFE7089801680120C4
:102D50008822C4F20202914201906DD0FFE70898E8
:102D600001680120A022C4F202029142019063D0C6
:102D7000FFE7089801680120B822C4F202029142DC
:102D8000019059D0FFE708980168012040F21042F5
:102D9000C4F20202914201904ED0FFE70898016808
:102DA000012040F22842C4F202029142019043D035
:102DB000FFE708980168012040F24042C4F2020295
:102DC0009142019038D0FFE708980168012040F255
:102DD0005842C4F20202914201902DD0FFE70898B8
:102DE0000168012040F27042C4F202029142019057
:102DF00022D0FFE708980168012040F28842C4F21F
:102E000002029142019017D0FFE708980168012063
:102E100040F2A042C4F20202914201900CD0FFE7BE
:102E2000089800684FF64831CBF6FD710844B0FAB7
:102E300080F040090190FFE70198C00760B1FFE70B
:102E40000898806D07900898C06D00F01F013F2022
:102E50008840079988600BE00898806D0690089874
:102E6000C06D00F01F010120884006994860FFE70F
:102E70000898016801201022C4F2020291420090D9
:102E800000F00381FFE70898016801202822C4F2BE
:102E900002029142009000F0F880FFE70898016874
:102EA00001204022C4F202029142009000F0ED8025
:102EB000FFE70898016801205822C4F202029142FB
:102EC000009000F0E280FFE708980168012070227E
:102ED000C4F202029142009000F0D780FFE7089808
:102EE000016801208822C4F202029142009000F0A1
:102EF000CC80FFE7089801680120A022C4F20202FA
:102F00009142009000F0C180FFE70898016801201D
:102F1000B822C4F202029142009000F0B680FFE7AE
:102F200008980168012040F21042C4F20202914266
:102F3000009000F0AA80FFE708980168012040F2A5
:102F40002842C4F202029142009000F09E80FFE706
:102F500008980168012040F24042C4F20202914206
:102F6000009000F09280FFE708980168012040F28D
:102F70005842C4F202029142009000F08680FFE7BE
:102F800008980168012040F27042C4F202029142A6
:102F900000907AD0FFE708980168012040F288424B
:102FA000C4F20202914200906FD0FFE708980168D6
:102FB000012040F2A042C4F202029142009064D08B
:102FC000FFE708980168012040F2B842C4F202020B
:102FD0009142009059D0FFE708980168012045F21E
:102FE0000842C5F60202914200904ED0FFE70898D1
:102FF0000168012045F21C42C5F602029142009090
:1030000043D0FFE708980168012045F23042C5F639
:1030100002029142009038D0FFE708980168012031
:1030200045F24442C5F60202914200902DD0FFE7DE
:1030300008980168012045F25842C5F60202914203
:10304000009022D0FFE708980168012045F26C4209
:10305000C5F602029142009017D0FFE70898016878
:10306000012045F28042C5F60202914200900CD048
:10307000FFE7089800684AF66C31CAF2FD7108440F
:10308000B0FA80F040090090FFE70098C007A0B1B7
:10309000FFE70898416E806E48600898C06E58B18E
:1030A000FFE70898C16E086820F4807008600898EF
:1030B000016F406F4860FFE7FFE70899012081F842
:1030C0003500FFE70899002081F83400FFE7FFE7AB
:1030D00000208DF82700FFE79DF827000AB080BD8B
:1030E00080B586B00490049820B9FFE701208DF8E0
:1030F000170046E3049890F83500022807D0FFE750
:1031000004998020486501208DF8170039E3049860
:10311000016801201022C4F202029142029000F0E4
:10312000A380FFE70498016801202822C4F202026C
:103130009142029000F09880FFE704980168012016
:103140004022C4F202029142029000F08D80FFE71B
:103150000498016801205822C4F2020291420290B0
:1031600000F08280FFE70498016801207022C4F219
:1031700002029142029077D0FFE704980168012093
:103180008822C4F20202914202906DD0FFE70498B7
:1031900001680120A022C4F202029142029063D091
:1031A000FFE7049801680120B822C4F202029142AC
:1031B000029059D0FFE704980168012040F21042C4
:1031C000C4F20202914202904ED0FFE704980168D7
:1031D000012040F22842C4F202029142029043D000
:1031E000FFE704980168012040F24042C4F2020265
:1031F0009142029038D0FFE704980168012040F224
:103200005842C4F20202914202902DD0FFE7049886
:103210000168012040F27042C4F202029142029021
:1032200022D0FFE704980168012040F28842C4F2EE
:1032300002029142029017D0FFE704980168012032
:1032400040F2A042C4F20202914202900CD0FFE789
:10325000049800684FF64831CBF6FD710844B0FA87
:1032600080F040090290FFE70298C007002800F0B4
:103270009D80FFE70499042081F8350004980068D8
:103280001021C4F20201884200F08180FFE7049817
:1032900000682821C4F20201884278D0FFE7049830
:1032A00000684021C4F20201884270D0FFE7049810
:1032B00000685821C4F20201884268D0FFE70498F0
:1032C00000687021C4F20201884260D0FFE70498D0
:1032D00000688821C4F20201884258D0FFE70498B0
:1032E0000068A021C4F20201884250D0FFE7049890
:1032F0000068B821C4F20201884248D0FFE7049870
:10330000006840F21041C4F2020188423FD0FFE75A
:103310000498006840F22841C4F20201884236D085
:10332000FFE70498006840F24041C4F2020188427D
:103330002DD0FFE70498006840F25841C4F2020122
:10334000884224D0FFE70498006840F27041C4F23C
:10335000020188421BD0FFE70498006840F28841D0
:10336000C4F20201884212D0FFE70498006840F2DC
:10337000A041C4F20201884209D0FFE70498006826
:1033800040F2B841C4F20201884207D1FFE7049835
:103390000168086820F00100086006E004980168F0
:1033A000086820F001000860FFE7E5E10498016883
:1033B000086820F00E000860049800681021C4F22C
:1033C0000201884200F08180FFE70498006828210C
:1033D000C4F20201884278D0FFE7049800684021D7
:1033E000C4F20201884270D0FFE7049800685821B7
:1033F000C4F20201884268D0FFE704980068702197
:10340000C4F20201884260D0FFE704980068882176
:10341000C4F20201884258D0FFE704980068A02156
:10342000C4F20201884250D0FFE704980068B82136
:10343000C4F20201884248D0FFE70498006840F2D5
:103440001041C4F2020188423FD0FFE704980068AF
:1034500040F22841C4F20201884236D0FFE70498C6
:10346000006840F24041C4F2020188422DD0FFE7DB
:103470000498006840F25841C4F20201884224D006
:10348000FFE70498006840F27041C4F202018842EC
:103490001BD0FFE70498006840F28841C4F20201A3
:1034A000884212D0FFE70498006840F2A041C4F2BD
:1034B0000201884209D0FFE70498006840F2B84151
:1034C000C4F20201884207D1FFE704980168086846
:1034D00020F00100086006E004980168086820F008
:1034E00001000860FFE70498016801201022C4F27F
:1034F00002029142019000F00381FFE70498016805
:1035000001202822C4F202029142019000F0F880CA
:10351000FFE70498016801204022C4F202029142B0
:10352000019000F0ED80FFE7049801680120582227
:10353000C4F202029142019000F0E280FFE7049899
:10354000016801207022C4F202029142019000F051
:10355000D780FFE70498016801208822C4F20202A4
:103560009142019000F0CC80FFE7049801680120AF
:10357000A022C4F202029142019000F0C180FFE754
:10358000049801680120B822C4F20202914201901D
:1035900000F0B680FFE704980168012040F2104275
:1035A000C4F202029142019000F0AA80FFE7049861
:1035B0000168012040F22842C4F2020291420190C7
:1035C00000F09E80FFE704980168012040F240422D
:1035D000C4F202029142019000F09280FFE7049849
:1035E0000168012040F25842C4F202029142019067
:1035F00000F08680FFE704980168012040F27042E5
:10360000C4F20202914201907AD0FFE70498016867
:10361000012040F28842C4F20202914201906FD030
:10362000FFE704980168012040F2A042C4F20202C0
:103630009142019064D0FFE704980168012040F2B4
:10364000B842C4F202029142019059D0FFE70498B7
:103650000168012045F20842C5F60202914201903C
:103660004ED0FFE704980168012045F21C42C5F6E0
:1036700002029142019043D0FFE7049801680120C3
:1036800045F23042C5F602029142019038D0FFE780
:1036900004980168012045F24442C5F602029142B5
:1036A00001902DD0FFE704980168012045F25842AF
:1036B000C5F602029142019022D0FFE7049801680A
:1036C000012045F26C42C5F602029142019017D0EA
:1036D000FFE704980168012045F28042C5F6020226
:1036E000914201900CD0FFE7049800684AF66C31D3
:1036F000CAF2FD710844B0FA80F040090190FFE77A
:103700000198C00728B3FFE70498016E086820F409
:10371000807008600498806D03900498C06D00F07C
:103720001F0101208840039948600498416E806E13
:1037300048600498C06E58B1FFE70498C16E0868ED
:1037400020F4807008600498016F406F4860FFE7C4
:10375000FFE70499012081F83500FFE70499002074
:1037600081F83400FFE70498006D20B1FFE704986A
:10377000016D8847FFE7FFE7FFE700208DF817009E
:10378000FFE79DF8170006B080BD000000000000B4
:1037900080B588B00690069820B9FFE701208DF823
:1037A0001F002FE2069800681021C4F2020188422F
:1037B00000F08180FFE7069800682821C4F202012A
:1037C000884278D0FFE7069800684021C4F20201E1
:1037D000884270D0FFE7069800685821C4F20201C1
:1037E000884268D0FFE7069800687021C4F20201A1
:1037F000884260D0FFE7069800688821C4F2020181
:10380000884258D0FFE706980068A021C4F2020160
:10381000884250D0FFE706980068B821C4F2020140
:10382000884248D0FFE70698006840F21041C4F291
:10383000020188423FD0FFE70698006840F2284125
:10384000C4F20201884236D0FFE70698006840F2D1
:103850004041C4F2020188422DD0FFE7069800687B
:1038600040F25841C4F20201884224D0FFE7069892
:10387000006840F27041C4F2020188421BD0FFE7A9
:103880000698006840F28841C4F20201884212D0D2
:10389000FFE70698006840F2A041C4F202018842A6
:1038A00009D0FFE70698006840F2B841C4F202016F
:1038B000884207D1FFE706980168086820F00100F8
:1038C000086006E006980168086820F001000860BA
:1038D000FFE70698016801201022C4F2020291421B
:1038E000039000F0A380FFE70698016801202822DA
:1038F000C4F202029142039000F09880FFE706981C
:10390000016801204022C4F202029142039000F0BB
:103910008D80FFE70698016801205822C4F2020258
:103920009142039000F08280FFE706980168012031
:103930007022C4F202029142039077D0FFE706980A
:10394000016801208822C4F20202914203906DD0E6
:10395000FFE7069801680120A022C4F2020291420A
:10396000039063D0FFE7069801680120B822C4F2F3
:1039700002029142039059D0FFE7069801680120A6
:1039800040F21042C4F20202914203904ED0FFE78F
:1039900006980168012040F22842C4F202029142D6
:1039A000039043D0FFE706980168012040F24042AF
:1039B000C4F202029142039038D0FFE706980168F2
:1039C000012040F25842C4F20202914203902DD0ED
:1039D000FFE706980168012040F27042C4F202023B
:1039E0009142039022D0FFE706980168012040F23F
:1039F0008842C4F202029142039017D0FFE7069872
:103A00000168012040F2A042C4F2020291420390F8
:103A10000CD0FFE7069800684FF64831CBF6FD71F1
:103A20000844B0FA80F040090390FFE70398C0070C
:103A300008B3FFE706980168002008600699096846
:103A4000486006990968886006990968C8600699FF
:103A50000968086106980168212048610698FDF709
:103A600013FE05900698C06D00F01F013F208840AE
:103A7000059988607EE006980168012045F20842B9
:103A8000C5F60202914202904ED0FFE70698016807
:103A9000012045F21C42C5F602029142029043D039
:103AA000FFE706980168012045F23042C5F60202A0
:103AB0009142029038D0FFE706980168012045F254
:103AC0004442C5F60202914202902DD0FFE70698CB
:103AD0000168012045F25842C5F602029142029067
:103AE00022D0FFE706980168012045F26C42C5F636
:103AF00002029142029017D0FFE706980168012068
:103B000045F28042C5F60202914202900CD0FFE7D6
:103B1000069800684AF66C31CAF2FD710844B0FAA2
:103B200080F040090290FFE70298C007E8B1FFE784
:103B3000069801680020086006990968486006999F
:103B40000968886006990968C8600699096808616B
:103B50000698FDF799FD04900698C06D00F01F01CE
:103B6000012088400499486003E001208DF81F007F
:103B700048E0FFE70698FDF76FFE0698006E48B133
:103B8000FFE70698016E002008600698416E806E7F
:103B90004860FFE70698406888B1FFE706984068EC
:103BA00008280CD8FFE70698FDF712FF0698C16EAB
:103BB000002008600698016F406F4860FFE7069993
:103BC00000200190C866069908670699486706991B
:103BD000C86306990864069948640699886406993A
:103BE000C8640699086506994865069981F8350004
:103BF000FFE70699002081F83400FFE700208DF8E8
:103C00001F00FFE79DF81F0008B080BD0000000006
:103C100081B000900098406D01B070470000000036
:103C200080B590B00F9000200B9040F20400C2F2DB
:103C30000000006848F2B511C1F64E31A0FB01103A
:103C4000800A0A900F98806D09900F98806D0890F7
:103C5000099800680E90089800680D900F98016808
:103C600001201022C4F202029142079000F0A380CA
:103C7000FFE70F98016801202822C4F20202914256
:103C8000079000F09880FFE70F980168012040221C
:103C9000C4F202029142079000F08D80FFE70F9876
:103CA000016801205822C4F202029142079000F0FC
:103CB0008280FFE70F98016801207022C4F202029F
:103CC0009142079077D0FFE70F9801680120882282
:103CD000C4F20202914207906DD0FFE70F9801688D
:103CE0000120A022C4F202029142079063D0FFE7B4
:103CF0000F9801680120B822C4F202029142079095
:103D000059D0FFE70F980168012040F21042C4F239
:103D10000202914207904ED0FFE70F980168012000
:103D200040F22842C4F202029142079043D0FFE7DA
:103D30000F980168012040F24042C4F20202914211
:103D4000079038D0FFE70F980168012040F25842F1
:103D5000C4F20202914207902DD0FFE70F9801684C
:103D6000012040F27042C4F202029142079022D038
:103D7000FFE70F980168012040F28842C4F2020276
:103D80009142079017D0FFE70F980168012040F299
:103D9000A042C4F20202914207900CD0FFE70F98B4
:103DA00000684FF64831CBF6FD710844B0FA80F058
:103DB00040090790FFE70798C007002800F0138527
:103DC000FFE70E980F99C96D01F01F01C840000769
:103DD000002840F1B080FFE70F9800681021C4F27E
:103DE0000201884200F08180FFE70F9800682821D7
:103DF000C4F20201884278D0FFE70F9800684021A2
:103E0000C4F20201884270D0FFE70F980068582181
:103E1000C4F20201884268D0FFE70F980068702161
:103E2000C4F20201884260D0FFE70F980068882141
:103E3000C4F20201884258D0FFE70F980068A02121
:103E4000C4F20201884250D0FFE70F980068B82101
:103E5000C4F20201884248D0FFE70F98006840F2A0
:103E60001041C4F2020188423FD0FFE70F9800687A
:103E700040F22841C4F20201884236D0FFE70F9891
:103E8000006840F24041C4F2020188422DD0FFE7B1
:103E90000F98006840F25841C4F20201884224D0D1
:103EA000FFE70F98006840F27041C4F202018842B7
:103EB0001BD0FFE70F98006840F28841C4F202016E
:103EC000884212D0FFE70F98006840F2A041C4F288
:103ED0000201884209D0FFE70F98006840F2B8411C
:103EE000C4F20201884207D1FFE70F98006800681A
:103EF00000F00400069006E00F980068006800F0EB
:103F000008000690FFE70698A0B1FFE70F98016848
:103F1000086820F0040008600F98C06D00F01F01D1
:103F200008208840099988600F99486D40F0010089
:103F30004865FFE7FFE70E980F99C96D01F01F0173
:103F4000C840C007002800F0A980FFE70F9800686C
:103F50001021C4F20201884200F08180FFE70F982F
:103F600000682821C4F20201884278D0FFE70F9848
:103F700000684021C4F20201884270D0FFE70F9828
:103F800000685821C4F20201884268D0FFE70F9808
:103F900000687021C4F20201884260D0FFE70F98E8
:103FA00000688821C4F20201884258D0FFE70F98C8
:103FB0000068A021C4F20201884250D0FFE70F98A8
:103FC0000068B821C4F20201884248D0FFE70F9888
:103FD000006840F21041C4F2020188423FD0FFE77E
:103FE0000F98006840F22841C4F20201884236D09E
:103FF000FFE70F98006840F24041C4F20201884296
:104000002DD0FFE70F98006840F25841C4F202013A
:10401000884224D0FFE70F98006840F27041C4F254
:10402000020188421BD0FFE70F98006840F28841E8
:10403000C4F20201884212D0FFE70F98006840F2F4
:10404000A041C4F20201884209D0FFE70F9800683E
:1040500040F2B841C4F20201884207D1FFE70F984D
:104060000068406900F08000059005E00F98006846
:10407000006800200590FFE7059870B1FFE70F98F2
:10408000C06D00F01F0101208840099988600F99D8
:10409000486D40F002004865FFE7FFE70E980F9972
:1040A000C96D01F01F01C8404007002840F1A980F8
:1040B000FFE70F9800681021C4F20201884200F067
:1040C0008180FFE70F9800682821C4F2020188422E
:1040D00078D0FFE70F9800684021C4F202018842BF
:1040E00070D0FFE70F9800685821C4F2020188429F
:1040F00068D0FFE70F9800687021C4F2020188427F
:1041000060D0FFE70F9800688821C4F2020188425E
:1041100058D0FFE70F980068A021C4F2020188423E
:1041200050D0FFE70F980068B821C4F2020188421E
:1041300048D0FFE70F98006840F21041C4F2020136
:1041400088423FD0FFE70F98006840F22841C4F250
:104150000201884236D0FFE70F98006840F24041E4
:10416000C4F2020188422DD0FFE70F98006840F2A8
:104170005841C4F20201884224D0FFE70F9800683A
:1041800040F27041C4F2020188421BD0FFE70F9851
:10419000006840F28841C4F20201884212D0FFE771
:1041A0000F98006840F2A041C4F20201884209D091
:1041B000FFE70F98006840F2B841C4F2020188425C
:1041C00007D1FFE70F980068006800F00200049034
:1041D00005E00F980068006800200490FFE704984D
:1041E00070B1FFE70F98C06D00F01F0104208840F8
:1041F000099988600F99486D40F004004865FFE711
:10420000FFE70E980F99C96D01F01F01C840C00665
:10421000002840F1DE80FFE70F9800681021C4F20B
:104220000201884200F08180FFE70F980068282192
:10423000C4F20201884278D0FFE70F98006840215D
:10424000C4F20201884270D0FFE70F98006858213D
:10425000C4F20201884268D0FFE70F98006870211D
:10426000C4F20201884260D0FFE70F9800688821FD
:10427000C4F20201884258D0FFE70F980068A021DD
:10428000C4F20201884250D0FFE70F980068B821BD
:10429000C4F20201884248D0FFE70F98006840F25C
:1042A0001041C4F2020188423FD0FFE70F98006836
:1042B00040F22841C4F20201884236D0FFE70F984D
:1042C000006840F24041C4F2020188422DD0FFE76D
:1042D0000F98006840F25841C4F20201884224D08D
:1042E000FFE70F98006840F27041C4F20201884273
:1042F0001BD0FFE70F98006840F28841C4F202012A
:10430000884212D0FFE70F98006840F2A041C4F243
:104310000201884209D0FFE70F98006840F2B841D7
:10432000C4F20201884207D1FFE70F9800680068D5
:1043300000F00800039006E00F980068006800F0A5
:1043400004000390FFE70398002841D0FFE70F988F
:10435000C06D00F01F0110208840099988600F98F7
:1043600000680068400300281AD5FFE70F9800682E
:1043700000680003002809D4FFE70F98006C20B103
:10438000FFE70F98016C8847FFE708E00F98806C03
:1043900020B1FFE70F98816C8847FFE7FFE716E041
:1043A0000F9800680068C005002807D4FFE70F9841
:1043B0000168086820F008000860FFE70F98006CAB
:1043C00020B1FFE70F98016C8847FFE7FFE7FFE7A1
:1043D000FFE70E980F99C96D01F01F01C8408006D4
:1043E000002840F12681FFE70F9800681021C4F2F1
:1043F0000201884200F08180FFE70F9800682821C1
:10440000C4F20201884278D0FFE70F98006840218B
:10441000C4F20201884270D0FFE70F98006858216B
:10442000C4F20201884268D0FFE70F98006870214B
:10443000C4F20201884260D0FFE70F98006888212B
:10444000C4F20201884258D0FFE70F980068A0210B
:10445000C4F20201884250D0FFE70F980068B821EB
:10446000C4F20201884248D0FFE70F98006840F28A
:104470001041C4F2020188423FD0FFE70F98006864
:1044800040F22841C4F20201884236D0FFE70F987B
:10449000006840F24041C4F2020188422DD0FFE79B
:1044A0000F98006840F25841C4F20201884224D0BB
:1044B000FFE70F98006840F27041C4F202018842A1
:1044C0001BD0FFE70F98006840F28841C4F2020158
:1044D000884212D0FFE70F98006840F2A041C4F272
:1044E0000201884209D0FFE70F98006840F2B84106
:1044F000C4F20201884207D1FFE70F980068006804
:1045000000F01000029006E00F980068006800F0CC
:1045100002000290FFE70298002800F08980FFE780
:104520000F98C06D00F01F01202088400999886015
:104530000F9890F83500042837D1FFE70F980168ED
:10454000086820F0160008600F980168486920F09C
:10455000800048610F98006C20B9FFE70F98806CCD
:1045600038B1FFE70F980168086820F0080008607C
:10457000FFE70F98C06D00F01F013F2088400999A8
:1045800088600F99012081F83500FFE70F9900201E
:1045900081F83400FFE70F98006D20B1FFE70F9816
:1045A000016D8847FFE700F019BC0F9800680068AC
:1045B000400300281AD5FFE70F9800680068000341
:1045C000002809D4FFE70F98406C20B1FFE70F984F
:1045D000416C8847FFE708E00F98C06B20B1FFE708
:1045E0000F98C16B8847FFE7FFE720E00F9800684E
:1045F0000068C005002811D4FFE70F98016808681B
:1046000020F0100008600F99012081F83500FFE7C5
:104610000F99002081F83400FFE7FFE70F98C06B87
:1046200020B1FFE70F98C16B8847FFE7FFE7FFE77F
:10463000FFE70F98406D002800F0D480FFE70F9847
:10464000406DC007002800F0C480FFE70F990420E8
:1046500081F835000F9800681021C4F202018842E9
:1046600000F08180FFE70F9800682821C4F2020162
:10467000884278D0FFE70F9800684021C4F2020119
:10468000884270D0FFE70F9800685821C4F20201F9
:10469000884268D0FFE70F9800687021C4F20201D9
:1046A000884260D0FFE70F9800688821C4F20201B9
:1046B000884258D0FFE70F980068A021C4F2020199
:1046C000884250D0FFE70F980068B821C4F2020179
:1046D000884248D0FFE70F98006840F21041C4F2CA
:1046E000020188423FD0FFE70F98006840F228415E
:1046F000C4F20201884236D0FFE70F98006840F20A
:104700004041C4F2020188422DD0FFE70F980068B3
:1047100040F25841C4F20201884224D0FFE70F98CA
:10472000006840F27041C4F2020188421BD0FFE7EA
:104730000F98006840F28841C4F20201884212D00A
:10474000FFE70F98006840F2A041C4F202018842DE
:1047500009D0FFE70F98006840F2B841C4F20201A7
:10476000884207D1FFE70F980168086820F0010030
:10477000086006E00F980168086820F001000860F2
:10478000FFE7FFE70B9801300B900A99884201D9A7
:10479000FFE707E0FFE70F9800680068C007002800
:1047A000F0D1FFE70F9800680068C00728B1FFE765
:1047B0000F99032081F8350004E00F99012081F85A
:1047C0003500FFE7FFE70F99002081F83400FFE78D
:1047D000FFE70F98C06C20B1FFE70F98C16C8847C6
:1047E000FFE7FFE7FAE20F980168012045F208426F
:1047F000C5F60202914201904ED0FFE70F98016882
:10480000012045F21C42C5F602029142019043D0BC
:10481000FFE70F980168012045F23042C5F6020219
:104820009142019038D0FFE70F980168012045F2CE
:104830004442C5F60202914201902DD0FFE70F9845
:104840000168012045F25842C5F6020291420190EA
:1048500022D0FFE70F980168012045F26C42C5F6AF
:1048600002029142019017D0FFE70F9801680120E2
:1048700045F28042C5F60202914201900CD0FFE75A
:104880000F9800684AF66C31CAF2FD710844B0FA1C
:1048900080F040090190FFE70198C007002800F070
:1048A0009B82FFE70F98006800680C900D980F99A5
:1048B000C96D01F01F01C8404007002840F1D780B2
:1048C000FFE79DF830004007002840F1D080FFE767
:1048D0000F98C06D00F01F010420884008994860BF
:1048E0009DF831000006002818D5FFE79DF832003A
:1048F000C00748B9FFE70F98806C20B1FFE70F9819
:10490000816C8847FFE708E00F98006C20B1FFE753
:104910000F98016C8847FFE7FFE7A7E09DF830009C
:104920008006002800F19980FFE70F9800681021A9
:10493000C4F20201884200F08180FFE70F9800680E
:104940002821C4F20201884278D0FFE70F9800685E
:104950004021C4F20201884270D0FFE70F9800683E
:104960005821C4F20201884268D0FFE70F9800681E
:104970007021C4F20201884260D0FFE70F980068FE
:104980008821C4F20201884258D0FFE70F980068DE
:10499000A021C4F20201884250D0FFE70F980068BE
:1049A000B821C4F20201884248D0FFE70F9800689E
:1049B00040F21041C4F2020188423FD0FFE70F9855
:1049C000006840F22841C4F20201884236D0FFE775
:1049D0000F98006840F24041C4F2020188422DD095
:1049E000FFE70F98006840F25841C4F20201884284
:1049F00024D0FFE70F98006840F27041C4F2020132
:104A000088421BD0FFE70F98006840F28841C4F24B
:104A10000201884212D0FFE70F98006840F2A041DF
:104A2000C4F20201884209D0FFE70F98006840F203
:104A3000B841C4F20201884207D1FFE70F9801682C
:104A4000086820F00800086006E00F980168086810
:104A500020F004000860FFE7FFE70F98006C20B12A
:104A6000FFE70F98016C8847FFE7FFE7B3E10D9878
:104A70000F99C96D01F01F01C8408007002840F15F
:104A8000E180FFE79DF830008007002840F1DA80E0
:104A9000FFE70F98C06D00F01F01022088400899C1
:104AA00048609DF831000006002818D5FFE79DF802
:104AB0003200C00748B9FFE70F98406C20B1FFE70C
:104AC0000F98416C8847FFE708E00F98C06B20B152
:104AD000FFE70F98C16B8847FFE7FFE7B1E09DF85C
:104AE00030008006002800F1A380FFE70F980068DF
:104AF0001021C4F20201884200F08180FFE70F9884
:104B000000682821C4F20201884278D0FFE70F989C
:104B100000684021C4F20201884270D0FFE70F987C
:104B200000685821C4F20201884268D0FFE70F985C
:104B300000687021C4F20201884260D0FFE70F983C
:104B400000688821C4F20201884258D0FFE70F981C
:104B50000068A021C4F20201884250D0FFE70F98FC
:104B60000068B821C4F20201884248D0FFE70F98DC
:104B7000006840F21041C4F2020188423FD0FFE7D2
:104B80000F98006840F22841C4F20201884236D0F2
:104B9000FFE70F98006840F24041C4F202018842EA
:104BA0002DD0FFE70F98006840F25841C4F202018F
:104BB000884224D0FFE70F98006840F27041C4F2A9
:104BC000020188421BD0FFE70F98006840F288413D
:104BD000C4F20201884212D0FFE70F98006840F249
:104BE000A041C4F20201884209D0FFE70F98006893
:104BF00040F2B841C4F20201884207D1FFE70F98A2
:104C00000168086820F01400086006E00F98016849
:104C1000086820F00A000860FFE70F99012081F87A
:104C20003500FFE70F99002081F83400FFE7FFE728
:104C30000F98C06B20B1FFE70F98C16B8847FFE763
:104C4000FFE7C7E00D980F99C96D01F01F01C8403B
:104C50000007002840F1BC80FFE79DF83000000706
:104C6000002840F1B580FFE70F9800681021C4F2DA
:104C70000201884200F08180FFE70F980068282138
:104C8000C4F20201884278D0FFE70F980068402103
:104C9000C4F20201884270D0FFE70F9800685821E3
:104CA000C4F20201884268D0FFE70F9800687021C3
:104CB000C4F20201884260D0FFE70F9800688821A3
:104CC000C4F20201884258D0FFE70F980068A02183
:104CD000C4F20201884250D0FFE70F980068B82163
:104CE000C4F20201884248D0FFE70F98006840F202
:104CF0001041C4F2020188423FD0FFE70F980068DC
:104D000040F22841C4F20201884236D0FFE70F98F2
:104D1000006840F24041C4F2020188422DD0FFE712
:104D20000F98006840F25841C4F20201884224D032
:104D3000FFE70F98006840F27041C4F20201884218
:104D40001BD0FFE70F98006840F28841C4F20201CF
:104D5000884212D0FFE70F98006840F2A041C4F2E9
:104D60000201884209D0FFE70F98006840F2B8417D
:104D7000C4F20201884207D1FFE70F980168086872
:104D800020F01C00086006E00F980168086820F019
:104D90000E000860FFE70F98C06D00F01F010120B2
:104DA00000FA01F1089A51600F9948650F9981F84E
:104DB0003500FFE70F99002081F83400FFE70F98D6
:104DC000C06C20B1FFE70F98C16C8847FFE700E097
:104DD000FFE7FFE7FFE700E0FFE7FFE710B080BD78
:104DE00010B58EB00C9002F06FFE0A900C9828B9A6
:104DF000FFE701208DF8370000F09EBC0C98016899
:104E000001201022C4F202029142079000F0A38018
:104E1000FFE70C98016801202822C4F202029142A7
:104E2000079000F09880FFE70C980168012040226D
:104E3000C4F202029142079000F08D80FFE70C98C7
:104E4000016801205822C4F202029142079000F04A
:104E50008280FFE70C98016801207022C4F20202F0
:104E60009142079077D0FFE70C98016801208822D3
:104E7000C4F20202914207906DD0FFE70C980168DE
:104E80000120A022C4F202029142079063D0FFE702
:104E90000C9801680120B822C4F2020291420790E6
:104EA00059D0FFE70C980168012040F21042C4F28B
:104EB0000202914207904ED0FFE70C980168012052
:104EC00040F22842C4F202029142079043D0FFE729
:104ED0000C980168012040F24042C4F20202914263
:104EE000079038D0FFE70C980168012040F2584243
:104EF000C4F20202914207902DD0FFE70C9801689E
:104F0000012040F27042C4F202029142079022D086
:104F1000FFE70C980168012040F28842C4F20202C7
:104F20009142079017D0FFE70C980168012040F2EA
:104F3000A042C4F20202914207900CD0FFE70C9805
:104F400000684FF64831CBF6FD710844B0FA80F0A6
:104F500040090790FFE70798C007002800F0788114
:104F6000FFE70C98406A08B1FFE7FFE70C990220C1
:104F700081F83500FFE70C99002081F83400FFE745
:104F80000C9800681021C4F20201884200F0818070
:104F9000FFE70C9800682821C4F20201884278D00B
:104FA000FFE70C9800684021C4F20201884270D0EB
:104FB000FFE70C9800685821C4F20201884268D0CB
:104FC000FFE70C9800687021C4F20201884260D0AB
:104FD000FFE70C9800688821C4F20201884258D08B
:104FE000FFE70C980068A021C4F20201884250D06B
:104FF000FFE70C980068B821C4F20201884248D04B
:10500000FFE70C98006840F21041C4F202018842A8
:105010003FD0FFE70C98006840F22841C4F202013B
:10502000884236D0FFE70C98006840F24041C4F255
:10503000020188422DD0FFE70C98006840F25841E9
:10504000C4F20201884224D0FFE70C98006840F2C5
:105050007041C4F2020188421BD0FFE70C9800683F
:1050600040F28841C4F20201884212D0FFE70C9856
:10507000006840F2A041C4F20201884209D0FFE773
:105080000C98006840F2B841C4F20201884207D18E
:10509000FFE70C980168086820F00100086006E04E
:1050A0000C980168086820F001000860FFE7FFE73E
:1050B0000C9800680068C00798B1FFE702F004FD93
:1050C0000A99401A06280BD3FFE70C99202048655F
:1050D0000C99032081F8350001208DF837002BE36F
:1050E000E6E70C98006800680B900B9848F23F01C7
:1050F000CFF6106108400B900C998868D1F80CC06D
:105100000B694A6940EA0C00184310438A6910434E
:10511000CA691043096A01430B9808430B900C9825
:10512000406A042808D1FFE70C99C86A096B01435B
:105130000B9808430B90FFE70C984068292807D389
:10514000FFE70C98416801202F29069036D3FFE72E
:105150000C9840683F2807D3FFE70C98416801206E
:10516000432906902AD3FFE70C984068472807D3C5
:10517000FFE70C9841680120492906901ED3FFE7FC
:105180000C9840684F2807D3FFE70C98416801202E
:105190005329069012D3FFE70C9841680020742928
:1051A000059008D3FFE70C9841680020782938BFA4
:1051B00001200590FFE705980690FFE70698C007D5
:1051C00028B1FFE70B9840F480100B90FFE70B9895
:1051D0000C99096808600C98006840690B900B985E
:1051E00020F007000B900C98416A0B9808430B9035
:1051F0000C98406A04281AD1FFE70C98816A0B9832
:1052000008430B900C98C06A80B1FFE70C98FCF73C
:1052100077FC50B1FFE70C99402048650C990120BC
:1052200081F835008DF8370086E2FFE7FFE70B983D
:105230000C99096848610C98FCF726FA09900C98BB
:10524000C06D00F01F013F2088400999886026E169
:105250000C980168012045F20842C5F6020291420D
:1052600004904ED0FFE70C980168012045F21C42E3
:10527000C5F602029142049043D0FFE70C98016802
:10528000012045F23042C5F602029142049038D026
:10529000FFE70C980168012045F24442C5F602027E
:1052A000914204902DD0FFE70C980168012045F24F
:1052B0005842C5F602029142049022D0FFE70C98B2
:1052C0000168012045F26C42C5F602029142049049
:1052D00017D0FFE70C980168012045F28042C5F61F
:1052E0000202914204900CD0FFE70C9800684AF645
:1052F0006C31CAF2FD710844B0FA80F040090490A4
:10530000FFE70498C007002800F0BD80FFE70C9875
:105310000168012045F20842C5F60202914203905D
:105320004ED0FFE70C980168012045F21C42C5F6FB
:1053300002029142039043D0FFE70C9801680120DC
:1053400045F23042C5F602029142039038D0FFE7A1
:105350000C980168012045F24442C5F602029142D0
:1053600003902DD0FFE70C980168012045F25842C8
:10537000C5F602029142039022D0FFE70C98016823
:10538000012045F26C42C5F602029142039017D00B
:10539000FFE70C980168012045F28042C5F6020241
:1053A000914203900CD0FFE70C9800684AF66C31EC
:1053B000CAF2FD710844B0FA80F040090390FFE79B
:1053C0000398C00708B1FFE7FFE70C99022081F8B6
:1053D0003500FFE70C99002081F83400FFE70C98B6
:1053E000006800680B900B986FF310100B900C98EE
:1053F0008068402803D1FFE71020029008E00C9855
:1054000080688038B0FA80F0400980030290FFE79E
:1054100002980C99CA680B69D1F814C0D1F818E049
:10542000CC694EEA040E4CEA0E0C43EA0C031A4314
:1054300040EAD200096A40EA11110B9808430B9028
:105440000B980C99096808600C9908684AF6F832BC
:10545000CAF2FD7210444CF6CD42CCF6CC42A0FB11
:1054600002026FF0030000EA9200C8650C98FCF796
:105470000BF908900C98C06D00F01F0101208840C6
:10548000089948600AE00C99402048650C9903206F
:1054900081F8350001208DF837004DE1FFE70C98C9
:1054A000016801201022C4F202029142019000F032
:1054B0000381FFE70C98016801202822C4F2020250
:1054C0009142019000F0F880FFE70C9801680120FC
:1054D0004022C4F202029142019000F0ED80FFE709
:1054E0000C98016801205822C4F2020291420190F6
:1054F00000F0E280FFE70C98016801207022C4F2FE
:1055000002029142019000F0D780FFE70C980168F9
:1055100001208822C4F202029142019000F0CC8066
:10552000FFE70C9801680120A022C4F20202914218
:10553000019000F0C180FFE70C9801680120B822BB
:10554000C4F202029142019000F0B680FFE70C988D
:105550000168012040F21042C4F20202914201901F
:1055600000F0AA80FFE70C980168012040F2284271
:10557000C4F202029142019000F09E80FFE70C9875
:105580000168012040F24042C4F2020291420190BF
:1055900000F09280FFE70C980168012040F2584229
:1055A000C4F202029142019000F08680FFE70C985D
:1055B0000168012040F27042C4F20202914201905F
:1055C0007AD0FFE70C980168012040F28842C4F2CB
:1055D0000202914201906FD0FFE70C980168012010
:1055E00040F2A042C4F202029142019064D0FFE76F
:1055F0000C980168012040F2B842C4F202029142C4
:10560000019059D0FFE70C980168012045F208424B
:10561000C5F60202914201904ED0FFE70C98016856
:10562000012045F21C42C5F602029142019043D08E
:10563000FFE70C980168012045F23042C5F60202EE
:105640009142019038D0FFE70C980168012045F2A3
:105650004442C5F60202914201902DD0FFE70C981A
:105660000168012045F25842C5F6020291420190BC
:1056700022D0FFE70C980168012045F26C42C5F684
:1056800002029142019017D0FFE70C9801680120B7
:1056900045F28042C5F60202914201900CD0FFE72C
:1056A0000C9800684AF66C31CAF2FD710844B0FAF1
:1056B00080F040090190FFE70198C00790B3FFE731
:1056C0000C98FCF7C9F80C988068802804D1FFE793
:1056D0000C9900204860FFE70C990879096E086072
:1056E0000C98416E806E48600C98406888B1FFE766
:1056F0000C98406808280CD8FFE70C98FCF768F96C
:105700000C98C16E002008600C98016F406F4860D3
:1057100007E00C990020C8660C9908670C99486747
:10572000FFE7FFE70C99002048650C9A012182F8F9
:1057300035108DF83700FFE79DF837000EB010BD2B
:1057400080B588B0069005910492039300208DF8EF
:105750000B00069820B9FFE701208DF81F006CE3CD
:10576000FFE7069890F83400012804D1FFE70220F3
:105770008DF81F0061E30699012081F83400FFE7EE
:10578000FFE7069890F83500012840F04383FFE7D3
:105790000699022081F83500069900204865069890
:1057A00000681021C4F20201884200F08180FFE706
:1057B000069800682821C4F20201884278D0FFE7E9
:1057C000069800684021C4F20201884270D0FFE7C9
:1057D000069800685821C4F20201884268D0FFE7A9
:1057E000069800687021C4F20201884260D0FFE789
:1057F000069800688821C4F20201884258D0FFE769
:1058000006980068A021C4F20201884250D0FFE748
:1058100006980068B821C4F20201884248D0FFE728
:105820000698006840F21041C4F2020188423FD05D
:10583000FFE70698006840F22841C4F2020188425E
:1058400036D0FFE70698006840F24041C4F20201FA
:1058500088422DD0FFE70698006840F25841C4F214
:105860000201884224D0FFE70698006840F27041A8
:10587000C4F2020188421BD0FFE70698006840F29C
:105880008841C4F20201884212D0FFE706980068FE
:1058900040F2A041C4F20201884209D0FFE7069815
:1058A000006840F2B841C4F20201884207D1FFE724
:1058B00006980168086820F00100086006E0069874
:1058C0000168086820F001000860FFE70698059964
:1058D000049A039BFCF78CF90698016801201022BA
:1058E000C4F202029142019000F0A380FFE7069803
:1058F000016801202822C4F202029142019000F0C6
:105900009880FFE70698016801204022C4F2020255
:105910009142019000F08D80FFE706980168012018
:105920005822C4F202029142019000F08280FFE707
:105930000698016801207022C4F20202914201908F
:1059400077D0FFE70698016801208822C4F202029E
:10595000914201906DD0FFE7069801680120A022D6
:10596000C4F202029142019063D0FFE706980168F9
:105970000120B822C4F202029142019059D0FFE7FF
:1059800006980168012040F21042C4F202029142DE
:1059900001904ED0FFE706980168012040F22842AE
:1059A000C4F202029142019043D0FFE706980168D9
:1059B000012040F24042C4F202029142019038D0EC
:1059C000FFE706980168012040F25842C4F2020243
:1059D000914201902DD0FFE706980168012040F226
:1059E0007042C4F202029142019022D0FFE7069871
:1059F0000168012040F28842C4F202029142019003
:105A000017D0FFE706980168012040F2A042C4F2D7
:105A10000202914201900CD0FFE7069800684FF611
:105A20004831CBF6FD710844B0FA80F0400901908E
:105A3000FFE70198C007A8B1FFE706980068006873
:105A40000B2161F344000699096808600698006C10
:105A500038B1FFE706980168086840F00800086060
:105A6000FFE714E0069800680068052161F3430031
:105A70000699096808600698006C38B1FFE7069837
:105A80000168086840F004000860FFE7FFE7069837
:105A9000016801201022C4F202029142009000F03D
:105AA0000381FFE70698016801202822C4F2020260
:105AB0009142009000F0F880FFE70698016801200D
:105AC0004022C4F202029142009000F0ED80FFE714
:105AD0000698016801205822C4F202029142009007
:105AE00000F0E280FFE70698016801207022C4F20E
:105AF00002029142009000F0D780FFE7069801680B
:105B000001208822C4F202029142009000F0CC8071
:105B1000FFE7069801680120A022C4F20202914228
:105B2000009000F0C180FFE7069801680120B822CC
:105B3000C4F202029142009000F0B680FFE706989E
:105B40000168012040F21042C4F20202914200902A
:105B500000F0AA80FFE706980168012040F2284281
:105B6000C4F202029142009000F09E80FFE7069886
:105B70000168012040F24042C4F2020291420090CA
:105B800000F09280FFE706980168012040F2584239
:105B9000C4F202029142009000F08680FFE706986E
:105BA0000168012040F27042C4F20202914200906A
:105BB0007AD0FFE706980168012040F28842C4F2DB
:105BC0000202914200906FD0FFE706980168012021
:105BD00040F2A042C4F202029142009064D0FFE77A
:105BE00006980168012040F2B842C4F202029142D4
:105BF000009059D0FFE706980168012045F208425D
:105C0000C5F60202914200904ED0FFE70698016867
:105C1000012045F21C42C5F602029142009043D099
:105C2000FFE706980168012045F23042C5F60202FE
:105C30009142009038D0FFE706980168012045F2B4
:105C40004442C5F60202914200902DD0FFE706982B
:105C50000168012045F25842C5F6020291420090C7
:105C600022D0FFE706980168012045F26C42C5F694
:105C700002029142009017D0FFE7069801680120C8
:105C800045F28042C5F60202914200900CD0FFE737
:105C9000069800684AF66C31CAF2FD710844B0FA01
:105CA00080F040090090FFE70098C007D0B1FFE7FF
:105CB0000698006E0068C003002807D5FFE7069825
:105CC000016E086840F480700860FFE70698C06EB7
:105CD00038B1FFE70698C16E086840F4807008602C
:105CE000FFE7FFE7069800681021C4F2020188422E
:105CF00000F08180FFE7069800682821C4F20201C5
:105D0000884278D0FFE7069800684021C4F202017B
:105D1000884270D0FFE7069800685821C4F202015B
:105D2000884268D0FFE7069800687021C4F202013B
:105D3000884260D0FFE7069800688821C4F202011B
:105D4000884258D0FFE706980068A021C4F20201FB
:105D5000884250D0FFE706980068B821C4F20201DB
:105D6000884248D0FFE70698006840F21041C4F22C
:105D7000020188423FD0FFE70698006840F22841C0
:105D8000C4F20201884236D0FFE70698006840F26C
:105D90004041C4F2020188422DD0FFE70698006816
:105DA00040F25841C4F20201884224D0FFE706982D
:105DB000006840F27041C4F2020188421BD0FFE744
:105DC0000698006840F28841C4F20201884212D06D
:105DD000FFE70698006840F2A041C4F20201884241
:105DE00009D0FFE70698006840F2B841C4F202010A
:105DF000884207D1FFE706980168086840F0010073
:105E0000086006E006980168086840F00100086034
:105E1000FFE70DE006994FF400604865FFE706993B
:105E2000002081F83400FFE701208DF80B00FFE728
:105E30009DF80B008DF81F00FFE79DF81F0008B0CC
:105E400080BD00000000000080B584B0039001F028
:105E50003BFE0290039801900198013048B1FFE7A2
:105E600040F21000C2F2000001780198084401904D
:105E7000FFE7FFE701F028FE0299401A01998842E6
:105E800001D2FFE7F6E704B080BD0000000000008B
:105E900083B001900091019890F89800022809D1F0
:105EA000FFE7009801990968C1F8D40000208DF837
:105EB0000B000AE00199D1F89C0040F00800C1F8FD
:105EC0009C0001208DF80B00FFE79DF80B0003B04C
:105ED000704700000000000085B00390029101921D
:105EE000039890F898008DF803009DF803000128AE
:105EF00005D0FFE79DF8030002285DD1FFE7029877
:105F000003990968896D084207D1FFE70398016882
:105F1000C86D40F00100C86515E002980399096852
:105F2000896D08400299884207D1FFE7039801680C
:105F3000C86D40F00200C86504E0039801680320C2
:105F4000C865FFE7FFE79DF809008007002809D52D
:105F5000FFE7019A03980168D1F8E0001043C1F807
:105F6000E000FFE79DF809004007002809D5FFE79A
:105F7000019A03980168D1F8E4001043C1F8E400E5
:105F8000FFE7FFE702984FF6FF71C3F6CF7100EA13
:105F9000010203980168486D10434865029A4AF669
:105FA0001401C4F20001086840EA92700860FFE73B
:105FB00000208DF813000AE00399D1F89C0040F00E
:105FC0000200C1F89C0001208DF81300FFE79DF846
:105FD000130005B07047000080B586B004900391AF
:105FE00002920398406808B9FFE700E0FFE70498D1
:105FF00090F89800022845D1FFE704980068D0F88F
:10600000C00010F07C5F0BD1FFE70499D1F89C0031
:1060100040F02000C1F89C0001208DF817003CE002
:1060200004980068D0F8C400800200280BD5FFE770
:106030000499D1F89C0040F40070C1F89C00012044
:106040008DF8170029E004980068D0F8C400C0F368
:106050000440019004980399029A019BFCF728FBE5
:106060000199012000FA01F1049A1268C2F8D010D7
:10607000019988400499C1F89400FFE700208DF849
:1060800017000AE00499D1F89C0040F00800C1F81C
:106090009C0001208DF81700FFE79DF8170006B05F
:1060A00080BD00000000000082B00190009102B0AD
:1060B000704700000000000087B00590049105982B
:1060C00090F898008DF803009DF80300012805D092
:1060D000FFE79DF8030002286AD1FFE70498C06833
:1060E000072801D1FFE7FFE70498006878BBFFE7C6
:1060F0000498C068072801D0FFE7FFE70498C0684C
:1061000007280CD1FFE7049A10699169D26900044D
:1061100040EA0220084340F0605003900CE00499EC
:106120008868CB680A694969800740EAC36040EA29
:10613000024008430390FFE70598C06E0499496840
:1061400000EB810001900398019908602CE004980D
:10615000C068072801D0FFE7FFE70498C16800691D
:1061600040EA417003900498C068072804D1FFE713
:1061700004988069029006E004988168406940EACA
:1061800081700290FFE70598006F0499496800EB61
:10619000C1000190039801990860019804300190B2
:1061A000029801990860FFE700208DF81B000AE0C3
:1061B0000599D1F89C0040F00200C1F89C00012034
:1061C0008DF81B00FFE79DF81B0007B0704700002B
:1061D00085B0DDF814C003900291019200930398FA
:1061E00090F89800012812D1FFE702980001019968
:1061F00040EA8100009940EA41000599084303996B
:106200000968C1F8800000208DF813000AE00399A6
:10621000D1F89C0040F00400C1F89C0001208DF8EA
:106220001300FFE79DF8130005B070470000000061
:1062300080B582B00090009820B9FFE701208DF86A
:10624000070015E0009801F07FF800980168C86D1C
:1062500020F00300C865009800F0EAFE00990020D5
:10626000C1F89C00009981F898008DF80700FFE7BD
:106270009DF8070002B080BD81B0009001B070476A
:1062800082B00190009102B0704700000000000051
:1062900083B00290019102980068006C00909DF814
:1062A0000000019908600098C0F306200199486039
:1062B000BDF80000C00B019988609DF802000199AB
:1062C000C860002003B0704783B00290019102982B
:1062D0000068406C0090009800F007000199086089
:1062E0000098C0F3022001994860009800F018005F
:1062F000019988600098C0F340100199C860009827
:10630000C0F38010019908619DF80000C00901994F
:1063100048610098C0F3C020019988610098C0F3DB
:1063200000300199C8610098C0F3403001990862BB
:106330000098C0F38030019948620098C0F306408D
:1063400001998862002003B070470000000000003F
:106350008AB0089007910692059300200190089852
:1063600090F898008DF803009DF80300022840F093
:106370005C81FFE70798402851D1FFE70898006843
:10638000D0F8A00010F4FE0F0BD1FFE70899D1F868
:106390009C0040F02000C1F89C0001208DF82700EF
:1063A0004EE108980068D0F8A400400658B9FFE70D
:1063B0000899D1F89C0040F48070C1F89C0001203D
:1063C0008DF827003CE108980068D0F8A40000F0A0
:1063D00080710120B0EB116F0DD1FFE708980068C4
:1063E000D0F8A0100120B0EBD17F03D1FFE701204E
:1063F0000190FFE7FFE708980068D0F8A40000F4D8
:106400007C51019800EB112001900898426C406F7C
:106410000199514300EB81000490FFE770E0079879
:10642000412851D1FFE708980068D0F8B00010F477
:10643000FE0F0BD1FFE70899D1F89C0040F0200037
:10644000C1F89C0001208DF82700F9E00898006849
:10645000D0F8B400400658B9FFE70899D1F89C007D
:1064600040F48070C1F89C0001208DF82700E7E01F
:1064700008980068D0F8B40000F080710120B0EBFB
:10648000116F0DD1FFE708980068D0F8B010012017
:10649000B0EBD17F03D1FFE701200190FFE7FFE7D9
:1064A00008980068D0F8B40000F47C51019800EB23
:1064B000112001900898C26C806F0199514300EB44
:1064C00081000490FFE71AE007980899096D884257
:1064D0000BD3FFE70899D1F89C0040F02000C1F8E9
:1064E0009C0001208DF82700AAE00898426DC06F3B
:1064F0000799514300EB81000490FFE7FFE7FFE7B6
:106500000498006800F0804006994860069840684A
:1065100038B9FFE704980068C0F38A40069908601C
:1065200006E00498006820F0604006990860FFE7E4
:106530000498006800F0005006998860049800688C
:1065400000F0004006990861049804300490049813
:1065500000880699C86104980068C0F30340069952
:10656000C8600498006800F4801006994861049897
:10657000006800F400100699886104980068C0F370
:1065800006600699086204980068C00F0699486280
:106590000498043004900498039000200290FFE7D0
:1065A00002980699CA6849F21851C0F60101895C3F
:1065B00088420AD2FFE70398029A805C05998854C2
:1065C000FFE7029801300290EAE70798402806D1D9
:1065D000FFE7019808990968C1F8A80021E0079829
:1065E000412806D1FFE7019808990968C1F8B80069
:1065F00016E007981F2808D8FFE707990120884070
:1066000008990968C1F8980009E0079800F01F018F
:106610000120884008990968C1F89C00FFE7FFE75E
:10662000FFE700208DF827000AE00899D1F89C00C8
:1066300040F00800C1F89C0001208DF82700FFE71A
:106640009DF827000AB0704782B001900198006859
:10665000D0F8C40000F03F000090009802B07047EE
:1066600081B0009001B0704780B594B013904AF6A5
:106670001000C4F200000068800712904AF614006F
:10668000C4F200000168129800EA81701290139819
:106690000068006D00F47040119013980068416D1F
:1066A00011980840119013980068006D00F00F00D9
:1066B000109013980068416D10980840109013983E
:1066C0000068006D00F0F0000F9013980068416DB5
:1066D0000F9808400F9013980068006D00F07150FB
:1066E0000E9013980068416D0E9808400E90139814
:1066F0000068006D00F060700D9013980068416DA7
:106700000D9808400D9013980068406D0390139801
:106710000068006D01909DF80D00C007B8B1FFE75B
:106720009DF80500C00788B1FFE7FFE713980168EF
:106730004FF4807008654AF61001C4F20001002091
:106740000860FFE71398FFF78BFFFFE7FFE79DF86F
:106750000D0000F004010020B0EB910F28D0FFE7FE
:106760009DF8050000F004010020B0EB910F1ED051
:10677000FFE713980068D0F8DC000B9013980068CE
:10678000D0F8E4100B9808400B90FFE713980168CD
:106790004FF4806008654AF61001C4F20001002041
:1067A0000860FFE713980B9900F06EFEFFE7FFE724
:1067B0001298B8B1FFE7FFE712984FF6FF71C3F6E2
:1067C000CF7108401399096808651298800F4AF63E
:1067D0001001C4F200010860FFE713981299FFF757
:1067E00063FCFFE71198B8B1FFE7FFE711984FF698
:1067F000FF71C3F6CF7108401399096808651198B5
:10680000800F4AF61001C4F200010860FFE71398F8
:10681000119900F049FEFFE71098B8B1FFE7FFE7D4
:1068200010984FF6FF71C3F6CF71084013990968AD
:1068300008651098800F4AF61001C4F20001086044
:10684000FFE71398109900F0D3FCFFE70F98B8B159
:10685000FFE7FFE70F984FF6FF71C3F6CF710840CF
:106860001399096808650F98800F4AF61001C4F261
:1068700000010860FFE713980F9900F035FDFFE76E
:106880009DF80D0000F008010020B0EBD10F1BD0E7
:10689000FFE79DF8050000F008010020B0EBD10FE4
:1068A00011D0FFE7FFE7139801684FF40060086517
:1068B0004AF61001C4F2000100200860FFE71398B7
:1068C00000F0FAFDFFE7FFE79DF80D0000F0020180
:1068D0000020B0EB510F28D0FFE79DF8050000F035
:1068E00002010020B0EB510F1ED0FFE713980068A3
:1068F000D0F8D8000C9013980068D0F8E0100C98ED
:1069000008400C90FFE7139801684FF40070086589
:106910004AF61001C4F2000100200860FFE7139856
:106920000C9900F0B9FDFFE7FFE79DF80E0000F0BD
:1069300008010020B0EBD10F1BD0FFE79DF8060047
:1069400000F008010020B0EBD10F11D0FFE7FFE706
:10695000139801684FF4002008654AF61001C4F24C
:10696000000100200860FFE7139800F03DFCFFE7FE
:10697000FFE79DF80E00C007B8B1FFE79DF80600DD
:10698000C00788B1FFE7FFE7139801684FF4803034
:1069900008654AF61001C4F2000100200860FFE714
:1069A000139800F06DFDFFE7FFE79DF80E0000F083
:1069B00004010020B0EB910F1BD0FFE79DF806000B
:1069C00000F004010020B0EB910F11D0FFE7FFE7CA
:1069D000139801684FF4802008654AF61001C4F24C
:1069E000000100200860FFE7139800F045FDFFE775
:1069F000FFE79DF80E0000F002010020B0EB510F00
:106A00001FD0FFE79DF8060000F002010020B0EB68
:106A1000510F15D0FFE7FFE7139801684FF40030DE
:106A200008654AF61001C4F2000100200860FFE783
:106A30001399D1F89C0040F08000C1F89C00FFE75A
:106A4000FFE70D98B8B1FFE7FFE70D984FF6FF712C
:106A5000C3F6CF7108401399096808650D98800F37
:106A60004AF61001C4F200010860FFE713980D997F
:106A7000FFF706FCFFE70E98D0B1FFE7FFE70E989F
:106A80004FF6FF71C3F6CF71084013990968086586
:106A90000E98800F4AF61001C4F200010860FFE76B
:106AA0000E9A1399D1F89C001043C1F89C00FFE79F
:106AB000139800684AF20001C4F20001884240F0D5
:106AC000B980FFE71398406880688007002800F0CD
:106AD000B080FFE713984068006A00F00F000A904A
:106AE00013984068416A0A9808400A9013984068D1
:106AF000006A00F03000099013984068416A0998D4
:106B00000840099013984068006A00F4C07008902B
:106B100013984068416A08980840089013984068A4
:106B2000006A00F4FC40079013984068416A079897
:106B30000840079013984068006A00F4F02006901F
:106B400013984068416A0698084006901398406878
:106B5000406A029013984068006A00900A9848B111
:106B6000FFE70A9813994968086213980A9900F098
:106B70006BFCFFE7099848B1FFE70998139949684A
:106B800008621398099900F06FFCFFE79DF8080070
:106B900000F040010020B0EB911F1FD0FFE79DF8EF
:106BA000000000F040010020B0EB911F15D0FFE77E
:106BB00013984068C06B000C059013984068C06B38
:106BC00000F03F0004901398416840200862139839
:106BD0000599049A00F040FCFFE7FFE7089848B1E8
:106BE000FFE708981399496808621398089900F01C
:106BF00023FCFFE7079860B1FFE7079813994968FE
:106C00000862079A1399D1F89C001043C1F89C00C0
:106C1000FFE7069860B1FFE7069813994968086294
:106C2000069A1399D1F89C001043C1F89C00FFE725
:106C3000FFE7FFE71398D0F89C0020B1FFE7139817
:106C4000FFF71AFBFFE714B080BD00000000000052
:106C500080B598B0169049F22441C0F6010101A810
:106C60004C22F9F784FB169820B9FFE701208DF834
:106C70005F00D9E1169800684AF20001C4F20001F1
:106C8000884206D1FFE71699086800F580704860D1
:106C9000FFE716988068B0F5407F01D1FFE7FFE776
:106CA0001698006C08B1FFE7FFE71698806C08B1F2
:106CB000FFE7FFE71698006D08B1FFE7FFE71698BA
:106CC000006E08B1FFE7FFE71699C86D096E08442A
:106CD00008B1FFE7FFE7169890F8980040B9FFE782
:106CE0001699002081F89900169800F0D1F9FFE775
:106CF00016980168886920F01000886100F0E4FEB1
:106D00001590FFE71698006880690007002817D5DE
:106D1000FFE700F0D9FE1599401A0B280FD3FFE7C3
:106D20001699D1F89C0040F00100C1F89C0016991A
:106D3000032081F8980001208DF85F0074E1E1E7FD
:106D400016980168886940F00100886100F0BCFE77
:106D50001590FFE7169800688069C007B8B9FFE78B
:106D600000F0B2FE1599401A0B280FD3FFE71699D1
:106D7000D1F89C0040F00100C1F89C001699032056
:106D800081F8980001208DF85F004DE1E2E7169848
:106D90000168886940F0020088611698007C01282B
:106DA00007D1FFE716980168886920F040008861E4
:106DB00006E016980168886940F040008861FFE7A6
:106DC0001698407C012807D1FFE71698016888696A
:106DD00040F48040886106E016980168886920F4D4
:106DE00080408861FFE71698807C012807D1FFE783
:106DF00016980168886920F48050886106E016982A
:106E00000168886940F480508861FFE7169800683F
:106E1000806920F44070169A116892681043886166
:106E200016980168886920F0A400886116980168A6
:106E3000086920F0100008611698C068012807D181
:106E4000FFE716980168886940F0040088612BE02C
:106E50001698C06830B3FFE71698C068022819D0AA
:106E6000FFE716980168886940F0800088611698ED
:106E70000168086940F0100008611698C06803288E
:106E800007D1FFE716980168886940F02000886103
:106E9000FFE706E016980168886940F020008861E5
:106EA000FFE700E0FFE7FFE7169A11685369906972
:106EB000D2F81CE0A0F1010C6FF0FF0000EB0E20F7
:106EC00040EA4C60126A013A10430022CFF6FF728A
:106ED00002EB03421043C86116988068B0F5407F0A
:106EE0001CD1FFE7169A1168536A906AD2F82CE019
:106EF00001386FF0FF0C0CEB0E2C40EA0C00D2F8BE
:106F000030C06FF00F0202EB0C1210430022CFF6DC
:106F1000FF7202EB03421043C860FFE71698006E51
:106F200048B1FFE716980168426ED1F8C0001043DF
:106F3000C1F8C000FFE71699C86D096E084480B11A
:106F4000FFE716980068D0F8C80020F00700169AEE
:106F50001168936E01AA52F823201043C1F8C800AB
:106F6000FFE71698006C80B1FFE716980068D0F82C
:106F7000BC0020F00700169A1168536C01AA52F861
:106F800023201043C1F8BC00FFE71698806C88B13D
:106F9000FFE716980068D0F8BC0020F07000169A41
:106FA0001168D36C01AA52F8232040EA0210C1F8FC
:106FB000BC00FFE71698006D88B1FFE716980068DF
:106FC000D0F8BC0020F4E060169A1168536D01AA55
:106FD00052F8232040EA0220C1F8BC00FFE71698CF
:106FE00000684AF20001C4F20001884207D1FFE7BD
:106FF00016984168886820F003008860FFE71699BA
:107000000020C1F894001699C1F89C00169901203F
:1070100081F898001698FBF7E7F98DF853009DF872
:1070200053008DF85F00FFE79DF85F0018B080BD4A
:1070300080B582B00190019800684AF20001C4F264
:10704000000188420BD1FFE740F60040C5F6020080
:10705000032100F035FA132001F01EFA14E0019824
:1070600000684AF20041C4F2000188420BD1FFE7F8
:1070700040F20040C5F60200602100F021FA142021
:1070800001F00AFAFFE7FFE702B080BD0000000050
:1070900080B5BCB03B9000203A9039903890379042
:1070A000369008A8B821F9F77BF93B9800684AF2B6
:1070B0000001C4F2000188420AD0FFE73B98006853
:1070C0004AF20041C4F20001884201D0FFE786E0A5
:1070D00040F22802C2F200021068411C116000BB9D
:1070E000FFE7002009904FF4004008904FF08050D7
:1070F000239008A801F008FD18B1FFE7FBF720F97D
:10710000FFE7FFE744F2EC40C5F60200016841F4F6
:1071100080710160006800F4807007900798FFE7B5
:10712000FFE73B9800684AF20001C4F20001884280
:107130002AD1FFE7FFE744F2E040C5F6020001680C
:1071400041F008010160006800F008000690069810
:10715000FFE70320369002213791002103913891F7
:10716000399009203A9040F60040C5F6020036A951
:1071700000F0BEFA039A13200490052101F0A4F94F
:10718000049801F095F92AE0FFE744F2E040C5F6E3
:107190000200016841F002010160006800F0020095
:1071A00005900598FFE76020369002203790002078
:1071B000019038900320399009203A9040F2004025
:1071C000C5F6020036A900F093FA019A1420029045
:1071D000052101F079F9029801F06AF9FFE73CB066
:1071E00080BD00000000000081B0009001B0704739
:1071F00080B586B0059004919DF81000C00708B9CD
:10720000FFE76DE0059840F2F831C2F200018842D4
:107210000BD1FFE740F2AC20C2F20000039040F235
:107220006020C2F20000029014E0059840F29841FC
:10723000C2F2000188420BD1FFE740F22C30C2F2CB
:107240000000039040F2E020C2F20000029000E053
:1072500046E0FFE70598039A02F128034021FFF773
:1072600077F850B1FFE70299886901308861059885
:10727000D0F89C000299886332E00398C0680CF053
:10728000A3FF0190029948690130486103980068A2
:107290000299C86201980299086300F015FC0299EE
:1072A0004863029900208864486402984430039936
:1072B0002831019AF9F75BF8059840F2F831C2F2EB
:1072C0000001884206D1FFE7039951F8280BFAF72D
:1072D0001FF905E0039951F8280BFAF731F9FFE798
:1072E00006B080BD0000000082B00190009102B0A5
:1072F000704700000000000082B00090009890F8F5
:107300009800012811D1FFE70099022081F8980028
:1073100000980168886920F00100886100990020C8
:10732000C1F89C008DF807000AE00099D1F89C0094
:1073300040F00400C1F89C0001208DF80700FFE731
:107340009DF8070002B0704783B0019000200090C4
:10735000019890F8980002285CD1FFE70198016835
:10736000886940F001008861FFE701980068806942
:10737000C007B8B9FFE7009833280FD3FFE701999A
:10738000D1F89C0040F00100C1F89C000199032055
:1073900081F8980001208DF80B0046E0009801303C
:1073A0000090E2E70020009001980168886920F0D1
:1073B00010008861FFE701980068806900070028D5
:1073C00017D5FFE7009833280FD3FFE70199D1F8CD
:1073D0009C0040F00100C1F89C000199032081F855
:1073E000980001208DF80B001FE0009801300090FC
:1073F000E1E701980168886940F00200886101991D
:107400000020C1F89400019A012182F898108DF8AB
:107410000B000AE00199D1F89C0040F00800C1F887
:107420009C0001208DF80B00FFE79DF80B0003B0D6
:10743000704700000000000082B00190009102B08F
:10744000704700000000000082B00190009102B07F
:10745000704700000000000083B00290019100928C
:1074600003B070470000000082B00190009102B0AC
:10747000704700000000000081B0009001B070472C
:1074800081B0009001B0704782B00190009102B0CD
:10749000704700000000000082B00190009102B02F
:1074A000704700000000000082B00190009102B01F
:1074B000704700000000000081B0009001B07047EC
:1074C0008FB00E900D9100200C908020C5F600002A
:1074D0000990FFE70D980C99C840002800F003813F
:1074E000FFE70D980C9A0121914008400B900B98F2
:1074F000002800F0F480FFE70C9820F0030040F231
:107500000841C5F6000140580A900C9800F00300AD
:1075100081000F2000FA01F10A9808400A900A98A9
:1075200008900E980021C5F60201884203D1FFE7BA
:10753000002007906CE00E9840F20041C5F6020171
:10754000884203D1FFE7012006905EE00E9840F6E6
:107550000001C5F60201884203D1FFE70220059031
:1075600050E00E9840F60041C5F60201884203D172
:10757000FFE70320049042E00E9841F20001C5F6B7
:107580000201884203D1FFE70420039034E00E9803
:1075900041F20041C5F60201884203D1FFE7052010
:1075A000029026E00E9841F60001C5F602018842DD
:1075B00003D1FFE70620019018E00E9841F6004144
:1075C000C5F60201884203D1FFE7072000900AE0D8
:1075D0000E9942F20042C5F602020A20914208BF0B
:1075E00009200090FFE700980190FFE701980290C2
:1075F000FFE702980390FFE703980490FFE70498E1
:107600000590FFE705980690FFE706980790FFE7CB
:10761000089807990C9A02F0030292009140884260
:107620002AD1FFE70B9A09990868904308600B9AE2
:1076300009994868904348600B9A0421C5F60001F7
:107640000868904308600B9A4FF0B0410868904377
:1076500008600C9800F0030081000F2088400A9019
:107660000A9B0C9820F0030140F20842C5F6000284
:10767000885898438850FFE70C984100032000FA8F
:1076800001F30E9A116819431160DDF830C00CF057
:1076900007018A000F2101FA02F30E996FF003022D
:1076A00002EA5C020A44116A994311620C9949008A
:1076B00000FA01F30E9AD1689943D1600C9A012126
:1076C00001FA02F30E9A5168994351600C994900EE
:1076D00000FA01F20E99886890438860FFE70C98E1
:1076E00001300C90F6E60FB070470000000000007B
:1076F0008FB00E900D9100200C908020C5F60000F8
:107700000990FFE70D9800680C99C840002800F028
:10771000C181FFE70D9800680C9A01219140084053
:107720000B900B98002800F0B181FFE70D9840689E
:1077300000F00300012807D0FFE70D98406800F033
:10774000030002282FD1FFE70E9880680A900C985A
:107750004100032000FA01F10A9888430A900D982D
:10776000C0680C99490000FA01F10A9808430A9090
:107770000A980E9988600E9840680A900C9901202A
:1077800000FA01F10A9888430A900D984068C0F306
:1077900000100C9900FA01F10A9808430A900A981F
:1077A0000E994860FFE70D98406800F00300032839
:1077B00018D0FFE70E98C0680A900C98410003208B
:1077C00000FA01F10A9888430A900D9880680C9994
:1077D000490000FA01F10A9808430A900A980E99A4
:1077E000C860FFE70D98406800F00300022826D12A
:1077F000FFE70E980C996FF0030202EA510108446A
:10780000006A0A900C9800F0070081000F2000FA2F
:1078100001F10A9888430A900D9800690C9901F0CB
:107820000701890000FA01F10A9808430A900A98B2
:107830000E990C9B02EA530211440862FFE70E986E
:1078400000680A900C984100032000FA01F10A98A0
:1078500088430A900D98406800F003000C99490095
:1078600000FA01F10A9808430A900A980E990860F4
:107870000D9880798007002800F00781FFE7FFE777
:1078800044F2F440C5F60200016841F002010160D3
:10789000006800F0020008900898FFE70C9820F0BC
:1078A000030040F20841C5F6000140580A900C98C8
:1078B00000F0030081000F2000FA01F10A988843CC
:1078C0000A900E980021C5F60201884203D1FFE715
:1078D000002007906CE00E9840F20041C5F60201CE
:1078E000884203D1FFE7012006905EE00E9840F643
:1078F0000001C5F60201884203D1FFE7022005908E
:1079000050E00E9840F60041C5F60201884203D1CE
:10791000FFE70320049042E00E9841F20001C5F613
:107920000201884203D1FFE70420039034E00E985F
:1079300041F20041C5F60201884203D1FFE705206C
:10794000029026E00E9841F60001C5F60201884239
:1079500003D1FFE70620019018E00E9841F60041A0
:10796000C5F60201884203D1FFE7072000900AE034
:107970000E9942F20042C5F602020A20914208BF67
:1079800009200090FFE700980190FFE7019802901E
:10799000FFE702980390FFE703980490FFE704983D
:1079A0000590FFE705980690FFE706980790FFE728
:1079B00007980C9901F00301890000FA01F10A9877
:1079C00008430A900A980C9921F0030140F20842FA
:1079D000C5F6000288504FF0B04000680A900B993D
:1079E0000A9888430A900D988079C006002805D52A
:1079F000FFE70B990A9808430A90FFE70A984FF0AF
:107A0000B04108600420C5F6000000680A900B9998
:107A10000A9888430A900D9880798006002805D539
:107A2000FFE70B990A9808430A90FFE70A98042198
:107A3000C5F600010860099840680A900B990A98F9
:107A400088430A900D9880798007002805D5FFE7C4
:107A50000B990A9808430A90FFE70A980999486029
:107A6000099800680A900B990A9888430A900D9823
:107A70008079C00728B1FFE70B990A9808430A905C
:107A8000FFE70A9809990860FFE7FFE70C980130C3
:107A90000C9037E60FB0704782B00190ADF802103D
:107AA0008DF801209DF8010028B1FFE7BDF8020024
:107AB0000199886105E0BDF8020000040199886120
:107AC000FFE702B07047000044F63460C2F20000E5
:107AD000006870470000000083B001900091019899
:107AE00090F8410020283BD1FFE7FFE7019890F88C
:107AF0004000012804D1FFE702208DF80B0033E09D
:107B00000199012081F84000FFE7FFE70199242057
:107B100081F8410001980168086820F001000860C0
:107B200001980168086820F480500860009A019864
:107B3000016808681043086001980168086840F00F
:107B4000010008600199202081F84100FFE70199B8
:107B5000002081F84000FFE700208DF80B0003E0D3
:107B600002208DF80B00FFE79DF80B0003B0704773
:107B700084B002900191029890F84100202840D1F1
:107B8000FFE7FFE7029890F84000012804D1FFE7E3
:107B900002208DF80F0038E00299012081F84000A2
:107BA000FFE7FFE70299242081F84100029801686D
:107BB000086820F0010008600298006800680090E2
:107BC000009820F4706000900199009840EA01202C
:107BD0000090009802990968086002980168086896
:107BE00040F0010008600299202081F84100FFE781
:107BF0000299002081F84000FFE700208DF80F0077
:107C000003E002208DF80F00FFE79DF80F0004B09D
:107C1000704700000000000080B582B0009000981E
:107C200020B9FFE701208DF807007BE0009890F86D
:107C3000410040B9FFE70099002081F8400000981A
:107C400000F0FAFAFFE70099242081F8410000983B
:107C50000168086820F00100086000980168406829
:107C600020F07060086100980168886820F4004086
:107C700088600098C068012807D1FFE70098016874
:107C8000806840F40040886006E0009801688068E1
:107C900040F404408860FFE70098C068022807D1DC
:107CA000FFE700980168486840F40060486006E01B
:107CB00000980168486820F400604860FFE7009879
:107CC0000168486848F20002C0F200221043486090
:107CD00000980168C86820F40040C860009A1168E4
:107CE000106953699269184340EA0220C860009AFB
:107CF0001168D069126A104308600098016808682A
:107D000040F001000860009900204864009A20219A
:107D100082F8411000990863009981F842008DF8BB
:107D20000700FFE79DF8070002B080BD00000000DB
:107D300010B588B084460C980B98DDF828E0CDF893
:107D400018C0ADF81610ADF81420ADF81230ADF82B
:107D50001000069890F84100202840F02681FFE7A7
:107D60000A9820B1FFE7BDF8100040B9FFE7069977
:107D70004FF40070486401208DF81F0019E1FFE7FF
:107D8000069890F84000012804D1FFE702208DF802
:107D90001F000EE10699012081F84000FFE7FFE790
:107DA000FFF792FE0390069803996A4611604FF41C
:107DB00000410122192305F0B7F920B1FFE70120A6
:107DC0008DF81F00F5E00699222081F84100069900
:107DD000402081F842000699002048640A99069ADA
:107DE0005162BDF81010069A5185069948630698AD
:107DF000BDF81610BDF81420BDF81230DDF830C003
:107E0000039CEE46CEF80440CEF800C005F0A0F882
:107E100050B1FFE7FFE70699002081F84000FFE737
:107E200001208DF81F00C4E00698408DB0F5807FDA
:107E300014D3FFE70699FF2008850698BDF81610B1
:107E400090F82820EC4642F20043C8F20003CCF838
:107E500000304FF0807305F03BF914E00698408D38
:107E6000069908850698BDF8161090F82820EC466B
:107E700042F20043C8F20003CCF800304FF0007328
:107E800005F026F9FFE7FFE706980C9B03996A4681
:107E900011600421002205F047F920B1FFE701201D
:107EA0008DF81F0085E006980068406A0699496AC7
:107EB00008700699486A013048620699088D0138B1
:107EC00008850699488D013848850698408DE8B3A5
:107ED000FFE70698008DC8BBFFE706980C9B039947
:107EE0006A4611608021002205F01EF920B1FFE7EB
:107EF00001208DF81F005CE00698408DB0F5807F72
:107F000011D3FFE70699FF2008850698BDF81610E3
:107F100090F82820EC460023CCF800304FF0807316
:107F200005F0D6F811E00698408D06990885069868
:107F3000BDF8161090F82820EC460023CCF800304D
:107F40004FF0007305F0C4F8FFE7FFE7FFE706987E
:107F5000408D002898D1FFE706980C99039A05F008
:107F600047F920B1FFE701208DF81F0021E00698B6
:107F700001682020C86106990A6851684EF600031E
:107F8000CFF6006319405160069981F841000699C7
:107F9000002081F84200FFE70699002081F84000A8
:107FA000FFE700208DF81F0003E002208DF81F007E
:107FB000FFE79DF81F0008B010BD000000000000A2
:107FC00010B588B084460C980B98DDF828E0CDF801
:107FD00018C0ADF81610ADF81420ADF81230ADF899
:107FE0001000069890F84100202840F01B81FFE720
:107FF0000A9820B1FFE7BDF8100040B9FFE70699E5
:108000004FF40070486401208DF81F000EE1FFE777
:10801000069890F84000012804D1FFE702208DF86F
:108020001F0003E10699012081F84000FFE7FFE708
:10803000FFF74AFD0390069803996A4611604FF4D2
:1080400000410122192305F06FF820B1FFE701205C
:108050008DF81F00EAE00699212081F84100069979
:10806000402081F842000699002048640A99069A47
:108070005162BDF81010069A51850699486306981A
:10808000BDF81610BDF81420BDF81230DDF830C070
:10809000039CEE46CEF80440CEF800C004F0B8FFD2
:1080A00050B1FFE7FFE70699002081F84000FFE7A5
:1080B00001208DF81F00B9E00698408DB0F5807F53
:1080C00011D3FFE70699FF2008850698BDF8161022
:1080D00090F82820EC460023CCF800304FF0807355
:1080E00004F0F6FF11E00698408D06990885069881
:1080F000BDF8161090F82820EC460023CCF800308C
:108100004FF0007304F0E4FFFFE7FFE706980C99D7
:10811000039A05F0C1F820B1FFE701208DF81F0098
:1081200084E006980168406A007888620699486A87
:10813000013048620699488D013848850699088DB6
:10814000013808850698408DE8B3FFE70698008D52
:10815000C8BBFFE706980C9B03996A461160802113
:10816000002204F0E1FF20B1FFE701208DF81F009D
:108170005CE00698408DB0F5807F11D3FFE706994B
:10818000FF2008850698BDF8161090F82820EC46C8
:108190000023CCF800304FF0807304F099FF11E019
:1081A0000698408D069908850698BDF8161090F837
:1081B0002820EC460023CCF800304FF0007304F088
:1081C00087FFFFE7FFE7FFE70698408D00289DD176
:1081D000FFE706980C99039A05F00AF820B1FFE72B
:1081E00001208DF81F0021E0069801682020C86159
:1081F00006990A6851684EF60003CFF600631940ED
:108200005160069981F841000699002081F84200EA
:10821000FFE70699002081F84000FFE700208DF875
:108220001F0003E002208DF81F00FFE79DF81F00EC
:1082300008B010BD0000000080B5B6B03590002039
:108240003490339032903190309002A8B821F8F7F2
:10825000A7F83598006845F60001C4F2000188428D
:1082600001D0FFE73CE0002003900821029122901A
:1082700002A800F049FC18B1FFE7FAF761F8FFE740
:10828000FFE744F2E040C5F60200016841F0020158
:108290000160006800F0020001900198FFE74FF4D0
:1082A00040603090122031900020329003203390B3
:1082B0000420349040F20040C5F6020030A9FFF7D8
:1082C00017FAFFE744F2E840C5F60200016841F4FE
:1082D00080010160006800F4800000900098FFE7D2
:1082E00036B080BD0000000040F21000C2F2000075
:1082F000027844F63461C2F2000108681044086054
:10830000704700000000000080B582B0032000F03C
:10831000F3F801F0D5FE44F21842C5F602021168E6
:10832000C1F3032349F20851C0F60101CB5C03F00D
:108330001F03D84000900098126802F00F02895C79
:1083400001F01F01C84040F20801C2F200010860BC
:10835000009840F20401C2F2000108600F2000F012
:1083600013F820B1FFE701208DF8070005E000F0C9
:1083700077F800208DF80700FFE79DF8070002B0AE
:1083800080BD00000000000080B590B00E900E98F7
:108390000F2810D8FFE70E991C200090002200F053
:1083A00093F8009800F084F80E9840F21401C2F29D
:1083B0000001086003E001208DF83F004CE0FFE77A
:1083C00044F2E840C5F60200016841F00101016095
:1083D000006800F0010001900198FFE706A802A9DB
:1083E00001F0D6FD0B980490049820B9FFE701F046
:1083F0003FFE059004E001F03BFE40000590FFE7E2
:1084000005984DF68361C4F21B31A0FB01014FF0CA
:10841000FF3000EB9140039040F21460C2F2000084
:108420004FF08041016040F2E731C1600399416043
:1084300000210161816003F007FA48B9FFE740F2CB
:108440001460C2F2000003F057FA8DF83F0003E019
:1084500001208DF83F00FFE79DF83F0010B080BD80
:1084600080B582B0FFE744F2F440C5F6020001682F
:1084700041F002010160006800F0020001900198E3
:10848000FFE76FF001000F21002200F01DF802B09D
:1084900080BD00000000000080B582B0ADF806008D
:1084A000BDF906000AF038F802B080BD00000000F7
:1084B00080B582B0ADF80600BDF906000AF048F8B4
:1084C00002B080BD0000000080B586B0ADF8160097
:1084D000049103920AF054F80290BDF9160001903D
:1084E00002980499039A08F09FF8014601980AF04F
:1084F0004FF806B080BD000080B582B001900198B1
:108500000AF08EF802B080BD80B584B0029044F6C7
:108510000C00C5F60200006800F004010020B0EB7A
:10852000910F13D1FFE744F60C00C5F60200006876
:1085300000F007000299884204D0FFE701208DF87F
:108540000F002EE000208DF80F002AE044F60C0109
:10855000C5F60201086820F00700029A104308607F
:10856000FFF7B2FA0190FFE744F60400C5F60200F7
:10857000006800F400510020B0EB513F0DD1FFE73F
:10858000FFF7A2FA0199401AB0F57A7F04D9FFE704
:1085900001208DF80F0004E0E6E700208DF80F00C1
:1085A000FFE79DF80F0004B080BD00000000000050
:1085B00080B501F031FD44F22041C5F602010968A1
:1085C000C1F3021249F20851C0F60101895C01F0C1
:1085D0001F01C84080BD000088B0079044F22840C9
:1085E000C5F60200016801F0030106910068C0F3BE
:1085F0000530059044F22C40C5F602000068C0F337
:1086000000100490049844F23C41C5F60201096848
:1086100089B2C908484300EE100AB8EE400A8DED51
:10862000020A0598002800F01181FFE706980090E3
:1086300048B1FFE70098012865D0FFE700980228BD
:1086400000F08380A3E044F20040C5F60200006819
:1086500000F020010020B0EB511F31D0FFE744F2C1
:108660000040C5F602000068C0F3C10149F20000F5
:10867000C0F2D030C84003909DED030AB8EE400A26
:108680009DED051AB8EE411A80EE010A44F2384019
:10869000C5F6020000686FF35F2001EE100AB8EE25
:1086A000411A9DED022A9FED6F3A02EE031AB7EED2
:1086B000002A31EE021A20EE010A8DED010A21E0B6
:1086C0009DED050AB8EE401A9FED680A80EE010A9A
:1086D00044F23840C5F6020000686FF35F2001EEF7
:1086E000100AB8EE411A9DED022A9FED5E3A02EEA5
:1086F000031AB7EE002A31EE021A20EE010A8DEDC0
:10870000010AFFE765E09DED050AB8EE401A9FED0E
:10871000560A80EE010A44F23840C5F602000068AD
:108720006FF35F2001EE100AB8EE411A9DED022AA8
:108730009FED4C3A02EE031AB7EE002A31EE021A10
:1087400020EE010A8DED010A43E09DED050AB8EE29
:10875000401A9FED430A80EE010A44F23840C5F604
:10876000020000686FF35F2001EE100AB8EE411AB4
:108770009DED022A9FED3B3A02EE031AB7EE002A66
:1087800031EE021A20EE010A8DED010A21E09DED85
:10879000050AB8EE401A9FED340A80EE010A44F251
:1087A0003840C5F6020000686FF35F2001EE100A42
:1087B000B8EE411A9DED022A9FED2A3A02EE031A05
:1087C000B7EE002A31EE021A20EE010A8DED010A01
:1087D000FFE79DED010A44F23840C5F6020001684A
:1087E00089B2490A01EE101AB8EE411AB7EE002A12
:1087F00031EE021A80EE010A0799BCEEC00A81ED43
:10880000000A9DED010A0168C1F3064101EE101A4C
:10881000B8EE411A31EE021A80EE010A0799BCEE59
:10882000C00A81ED010A9DED010A0068C0F30660EF
:1088300001EE100AB8EE411A31EE021A80EE010A7A
:108840000798BCEEC00A80ED020A07E007990020F5
:1088500008600799486007998860FFE708B070478B
:10886000001BB74B000000390024744A0024744CEC
:1088700088B0079044F22840C5F60200016801F074
:10888000030106910068C0F30550059044F22C40A6
:10889000C5F602000068C0F300200490049844F27A
:1088A0004441C5F60201096889B2C908484300EE8F
:1088B000100AB8EE400A8DED020A0598002800F073
:1088C0001181FFE70698009048B1FFE70098012862
:1088D00065D0FFE70098022800F08380A3E044F20F
:1088E0000040C5F60200006800F020010020B0EB57
:1088F000511F31D0FFE744F20040C5F60200006886
:10890000C0F3C10149F20000C0F2D030C84003906A
:108910009DED030AB8EE400A9DED051AB8EE411A26
:1089200080EE010A44F24040C5F6020000686FF391
:108930005F2001EE100AB8EE411A9DED022A9FED6C
:108940006F3A02EE031AB7EE002A31EE021A20EE59
:10895000010A8DED010A21E09DED050AB8EE401AED
:108960009FED680A80EE010A44F24040C5F602001D
:1089700000686FF35F2001EE100AB8EE411A9DED1A
:10898000022A9FED5E3A02EE031AB7EE002A31EE9C
:10899000021A20EE010A8DED010AFFE765E09DED68
:1089A000050AB8EE401A9FED560A80EE010A44F21D
:1089B0004040C5F6020000686FF35F2001EE100A28
:1089C000B8EE411A9DED022A9FED4C3A02EE031AD1
:1089D000B7EE002A31EE021A20EE010A8DED010AEF
:1089E00043E09DED050AB8EE401A9FED430A80EE84
:1089F000010A44F24040C5F6020000686FF35F20B0
:108A000001EE100AB8EE411A9DED022A9FED3B3AA5
:108A100002EE031AB7EE002A31EE021A20EE010A26
:108A20008DED010A21E09DED050AB8EE401A9FED9B
:108A3000340A80EE010A44F24040C5F602000068A4
:108A40006FF35F2001EE100AB8EE411A9DED022A85
:108A50009FED2A3A02EE031AB7EE002A31EE021A0F
:108A600020EE010A8DED010AFFE79DED010A44F2B7
:108A70004040C5F60200016889B2490A01EE101AA9
:108A8000B8EE411AB7EE002A31EE021A80EE010A62
:108A90000799BCEEC00A81ED000A9DED010A01684C
:108AA000C1F3064101EE101AB8EE411A31EE021A76
:108AB00080EE010A0799BCEEC00A81ED010A9DED26
:108AC000010A0068C0F3066001EE100AB8EE411A10
:108AD00031EE021A80EE010A0798BCEEC00A80ED62
:108AE000020A07E007990020086007994860079983
:108AF0008860FFE708B07047001BB74B00000039E3
:108B00000024744A0024744C80B59AB01890002058
:108B10008DF857008DF856001898C0780007002887
:108B200048D5FFE71898406E149078B1FFE7149885
:108B3000B0F5801F13D0FFE71498B0F5001F16D0D2
:108B4000FFE71498B0F5401F19D019E044F22C410A
:108B5000C5F60201086840F40030086014E0189877
:108B60000830022107F0F8FD8DF857000CE0189846
:108B70002830022107F0D8FE8DF8570004E003E00A
:108B800001208DF85700FFE79DF8570060B9FFE717
:108B900044F25041C5F60201086820F44010189ACA
:108BA000526E1043086004E09DF857008DF856009F
:108BB000FFE7FFE718984078C007002840D0FFE79C
:108BC0001898806D1390042820D81399DFE801F0DD
:108BD000030C141C1D0044F22C41C5F60201086868
:108BE00040F40030086015E018980830002107F0C4
:108BF000B3FD8DF857000DE018982830002107F0DC
:108C000093FE8DF8570005E004E003E001208DF8A5
:108C10005700FFE79DF8570060B9FFE744F2504165
:108C2000C5F60201086820F00700189A926D1043FB
:108C3000086004E09DF857008DF85600FFE7FFE755
:108C4000189840784007002856D5FFE71898D0F8C4
:108C5000A4001290C8B1FFE71298B0F5001F1DD014
:108C6000FFE71298B0F5800F20D0FFE71298B0F51B
:108C7000C00F23D0FFE71298B0F5000F1FD0FFE719
:108C80001298B0F5200F1BD01BE044F22C41C5F622
:108C90000201086840F40030086016E018980830B7
:108CA000002107F059FD8DF857000EE01898283084
:108CB000002107F039FE8DF8570006E005E004E0DA
:108CC00003E001208DF85700FFE79DF8570068B9D1
:108CD000FFE744F25841C5F60201086820F460003D
:108CE000189AD2F8A4201043086004E09DF85700B9
:108CF0008DF85600FFE7FFE7189840780007002836
:108D000056D5FFE71898D0F8A8001190C8B1FFE732
:108D10001198B0F1807F1DD0FFE71198B0F1007F6E
:108D200020D0FFE71198B0F1407F23D0FFE71198E2
:108D3000B0F1806F1FD0FFE71198B0F1A06F1BD08A
:108D40001BE044F22C41C5F60201086840F40030F3
:108D5000086016E018980830002107F0FDFC8DF837
:108D600057000EE018982830002107F0DDFD8DF83F
:108D7000570006E005E004E003E001208DF857000D
:108D8000FFE79DF8570068B9FFE744F25841C5F680
:108D90000201086820F0E060189AD2F8A820104379
:108DA000086004E09DF857008DF85600FFE7FFE7E4
:108DB0001898C078800700283ED5FFE71898C06C47
:108DC0001090F0B1FFE71098102808D0FFE7109836
:108DD00020280DD0FFE71098302811D012E044F27F
:108DE0002C41C5F60201086840F4003008600DE02F
:108DF00018980830022107F0AFFC8DF8570005E005
:108E000004E003E001208DF85700FFE79DF85700CC
:108E100060B9FFE744F24C41C5F60201086820F052
:108E20003000189AD26C1043086004E09DF8570097
:108E30008DF85600FFE7FFE718984078C006002835
:108E40004ED5FFE71898C06D0F90A0B1FFE70F98BF
:108E5000B0F5805F18D0FFE70F98B0F5005F1BD02A
:108E6000FFE70F98B0F5405F1ED0FFE70F98B0F511
:108E7000804F1AD01AE044F22C41C5F6020108686E
:108E800040F40030086015E018980830002107F021
:108E900063FC8DF857000DE018982830002107F08A
:108EA00043FD8DF8570005E004E003E001208DF854
:108EB0005700FFE79DF8570060B9FFE744F25041C3
:108EC000C5F60201086820F4E040189AD26D1043FC
:108ED000086004E09DF857008DF85600FFE7FFE7B3
:108EE00018984078800600284CD5FFE71898006E47
:108EF0000E90C8B1FFE70E98B0F5803F15D0FFE7A0
:108F00000E98B0F5003F18D0FFE70E98B0F5403F3F
:108F10001BD0FFE70E98B0F5802F17D0FFE70E9813
:108F2000B0F5A02F13D013E016E0189808300121F7
:108F300007F012FC8DF857000EE018982830012138
:108F400007F0F2FC8DF8570006E005E004E003E0CE
:108F500001208DF85700FFE79DF8570060B9FFE743
:108F600044F25041C5F60201086820F4E020189A46
:108F7000126E1043086004E09DF857008DF856000B
:108F8000FFE7FFE718984078400600284ED5FFE736
:108F90001898D0F8AC000D90C8B1FFE70D98B0F16B
:108FA000805F15D0FFE70D98B0F1005F18D0FFE7A4
:108FB0000D98B0F1405F1BD0FFE70D98B0F1804FE6
:108FC00017D0FFE70D98B0F1A04F13D013E016E0D3
:108FD00018980830012107F0BFFB8DF857000EE00C
:108FE00018982830012107F09FFC8DF8570006E003
:108FF00005E004E003E001208DF85700FFE79DF84D
:10900000570068B9FFE744F25841C5F60201086805
:1090100020F0E040189AD2F8AC201043086004E039
:109020009DF857008DF85600FFE7FFE71898407845
:10903000000600283BD5FFE71898C06E0C90D8B109
:10904000FFE70C98B0F1805F05D0FFE70C98B0F116
:10905000005F09D011E044F22C41C5F60201086816
:1090600040F4003008600CE018980830012107F047
:1090700073FB8DF8570004E003E001208DF85700E2
:10908000FFE79DF8570060B9FFE744F25041C5F68D
:109090000201086820F04050189AD26E1043086010
:1090A00004E09DF857008DF85600FFE7FFE7189899
:1090B000C078C007002837D0FFE71898806C0B9065
:1090C000032817D80B99DFE801F014020B1344F2C0
:1090D0002C41C5F60201086840F4003008600DE03C
:1090E00018980830022107F037FB8DF8570005E08B
:1090F00004E003E001208DF85700FFE79DF85700DA
:1091000060B9FFE744F24C41C5F60201086820F05F
:109110000300189A926C1043086004E09DF8570011
:109120008DF85600FFE7FFE7189880784006002882
:1091300040F1B480FFE744F60001C5F6020108687B
:1091400040F480700860FEF7BFFC1690FFE744F61D
:109150000000C5F602000068C00500280CD4FFE737
:10916000FEF7B2FC1699401A652804D3FFE70320E6
:109170008DF8570000E0EAE79DF85700002840F01E
:109180008780FFE744F27040C5F60200006800F4F3
:1091900040701899D1F8B01001F44071884213D092
:1091A000FFE744F27041C5F60201086820F4407000
:1091B0001790086840F480300860086820F4803018
:1091C000086017980860FFE71898D0F8B000B0F56D
:1091D000807F1FD1FFE7FEF777FC1690FFE744F290
:1091E0007040C5F60200006800F002010020B0EBFC
:1091F000510F0ED1FFE7FEF767FC1699401A41F2B6
:109200008931884204D3FFE703208DF8570000E03E
:10921000E5E7FFE79DF85700A0BBFFE7FFE71898D9
:10922000D0F8B00000F44070B0F5407F13D1FFE7F4
:1092300044F21041C5F60201086820F47C50189AE7
:10924000D2F8B0204FF6F043C0F6FF731A4040EA60
:109250001210086008E044F21041C5F602010868E7
:1092600020F47C500860FFE71898D0F8B0206FF326
:109270001F3244F27041C5F60201086810430860CD
:10928000FFE704E09DF857008DF85600FFE704E083
:109290009DF857008DF85600FFE7FFE71898006823
:1092A000C007002800F04C80FFE71898806F0A90F4
:1092B00028282BD80A99DFE801F01529292929291E
:1092C000292916292929292929291E29292929292C
:1092D0002929262929292929292927292929292903
:1092E0002929280016E018980830012107F034FADF
:1092F0008DF857000EE018982830012107F014FB74
:109300008DF8570006E005E004E003E001208DF849
:109310005700FFE79DF8570060B9FFE744F254415A
:10932000C5F60201086820F03800189A926F1043C1
:10933000086004E09DF857008DF85600FFE7FFE74E
:10934000189800788007002839D5FFE71898406FF3
:109350000990052819D80999DFE801F003040C14D5
:10936000151616E018980830012107F0F5F98DF868
:1093700057000EE018982830012107F0D5FA8DF833
:10938000570006E005E004E003E001208DF85700F7
:10939000FFE79DF8570060B9FFE744F25441C5F676
:1093A0000201086820F00700189A526F1043086005
:1093B00004E09DF857008DF85600FFE7FFE7189886
:1093C0000078400700283BD5FFE71898D0F89000B8
:1093D0000890052819D80899DFE801F003040C1457
:1093E000151616E018980830012107F0B5F98DF828
:1093F00057000EE018982830012107F095FA8DF8F3
:10940000570006E005E004E003E001208DF8570076
:10941000FFE79DF8570068B9FFE744F25841C5F6E9
:109420000201086820F00700189AD2F89020104333
:10943000086004E09DF857008DF85600FFE7FFE74D
:1094400018980078800600284ED5FFE71898D0F8C5
:109450008C000790C8B1FFE70798B0F1805F15D086
:10946000FFE70798B0F1005F18D0FFE70798B0F169
:10947000405F1BD0FFE70798B0F1804F17D0FFE7A0
:109480000798B0F1A04F13D013E016E018980830F9
:10949000002107F061F98DF857000EE01898283088
:1094A000022107F041FA8DF8570006E005E004E0DC
:1094B00003E001208DF85700FFE79DF8570068B9D9
:1094C000FFE744F25441C5F60201086820F0E0408D
:1094D000189AD2F88C201043086004E09DF85700D9
:1094E0008DF85600FFE7FFE718980078400600283F
:1094F0004ED5FFE71898D0F898000690C8B1FFE75E
:109500000698B0F5806F15D0FFE70698B0F5006FAC
:1095100018D0FFE70698B0F5406F1BD0FFE706981C
:10952000B0F5805F17D0FFE70698B0F5A05F13D0C5
:1095300013E016E018980830002107F00DF98DF8B7
:1095400057000EE018982830022107F0EDF98DF849
:10955000570006E005E004E003E001208DF8570025
:10956000FFE79DF8570068B9FFE744F25841C5F698
:109570000201086820F4E050189AD2F898201043AD
:10958000086004E09DF857008DF85600FFE7FFE7FC
:1095900018980078000600284ED5FFE71898D0F8F4
:1095A0009C000590C8B1FFE70598B0F5005F15D0A5
:1095B000FFE70598B0F5804F18D0FFE70598B0F5A4
:1095C000C04F1BD0FFE70598B0F5004F17D0FFE75D
:1095D0000598B0F5204F13D013E016E01898083026
:1095E000002107F0B9F88DF857000EE018982830E0
:1095F000022107F099F98DF8570006E005E004E034
:1096000003E001208DF85700FFE79DF8570068B987
:10961000FFE744F25841C5F60201086820F46040B3
:10962000189AD2F89C201043086004E09DF8570077
:109630008DF85600FFE7FFE718980078000700282C
:1096400020D5FFE71898D0F88000B0F5805F0CD1E6
:10965000FFE718982830022107F066F920B1FFE7EC
:1096600001208DF85600FFE7FFE744F25441C5F6AC
:109670000201086820F44050189AD2F88020104364
:109680000860FFE718980078C006002820D5FFE79B
:109690001898D0F89400B0F5807F0CD1FFE71898A7
:1096A0002830022107F040F920B1FFE701208DF8B2
:1096B0005600FFE7FFE744F25841C5F6020108688B
:1096C00020F44070189AD2F8942010430860FFE705
:1096D00018988078000700283CD5FFE71898D0F844
:1096E000A000049050B1FFE70498B0F5803F0DD082
:1096F000FFE70498B0F5003F10D010E0189808304C
:10970000002107F029F88DF857000CE01898283050
:10971000022107F009F98DF8570004E003E0012069
:109720008DF85700FFE79DF8570068B9FFE744F24E
:109730005841C5F60201086820F44030189AD2F862
:10974000A0201043086004E09DF857008DF85600F3
:10975000FFE7FFE718988078400700283FD5FFE72C
:109760001898D0F884000390B0F5801F0AD0FFE766
:109770000398B0F5001F0ED0FFE70398B0F5401F27
:1097800011D011E044F22C41C5F60201086840F402
:10979000003008600CE018982830012107F0C4F868
:1097A0008DF8570004E003E001208DF85700FFE733
:1097B0009DF8570068B9FFE744F25441C5F602012D
:1097C000086820F44010189AD2F8842010430860EA
:1097D00004E09DF857008DF85600FFE7FFE7189862
:1097E0008078C007A8B3FFE71898006D029028B1F1
:1097F000FFE70298B0F5803F09D010E044F22C4119
:10980000C5F60201086840F4003008600BE01898C3
:109810000830022106F0A0FF8DF8570003E0012078
:109820008DF85700FFE79DF8570060B9FFE744F255
:109830004C41C5F60201086820F48030189A126D78
:109840001043086004E09DF857008DF85600FFE7CC
:10985000FFE71898C078800600280CD5FFE7189815
:109860002830022107F060F820B1FFE701208DF8D1
:109870005600FFE7FFE718988078800700283AD560
:10988000FFE71898C06F0190D0B1FFE70198B0F5DD
:10989000807F0AD0FFE70198B0F5007F0ED0FFE788
:1098A0000198B0F5407F0AD00BE044F22C41C5F698
:1098B0000201086840F40030086006E005E004E0BA
:1098C00003E001208DF85700FFE79DF8570060B9CD
:1098D000FFE744F25441C5F60201086820F44070E5
:1098E000189AD26F1043086004E09DF857008DF875
:1098F0005600FFE7FFE718988078C00600280CD5CF
:10990000FFE744F25041C5F60201086820F000402C
:10991000189A126F10430860FFE718988078800645
:1099200000280CD5FFE744F25041C5F60201086853
:1099300020F08070189A926E10430860FFE7189824
:10994000C0784006002811D5FFE7FFE744F2104138
:10995000C5F60201086820F4004008601898D0F8A5
:10996000B420086810430860FFE7FFE71898C07844
:10997000000600280CD5FFE744F24C41C5F6020171
:10998000086820F04050189A526D10430860FFE7B5
:1099900018988078000600280DD5FFE744F254415E
:1099A000C5F60201086820F44000189AD2F8882011
:1099B00010430860FFE718980079C00790B1FFE7EF
:1099C00018980830002106F0C7FE8DF857009DF862
:1099D000570008B9FFE704E09DF857008DF85600DE
:1099E000FFE7FFE7189800798007002812D5FFE706
:1099F00018980830012106F0AFFE8DF857009DF849
:109A0000570008B9FFE704E09DF857008DF85600AD
:109A1000FFE7FFE7189800794007002812D5FFE715
:109A200018980830022106F097FE8DF857009DF82F
:109A3000570008B9FFE704E09DF857008DF856007D
:109A4000FFE7FFE7189800790007002812D5FFE725
:109A500018982830002106F067FF8DF857009DF810
:109A6000570008B9FFE704E09DF857008DF856004D
:109A7000FFE7FFE718980079C006002812D5FFE736
:109A800018982830012106F04FFF8DF857009DF8F7
:109A9000570008B9FFE704E09DF857008DF856001D
:109AA000FFE7FFE7189800798006002812D5FFE746
:109AB00018982830022106F037FF8DF857009DF8DE
:109AC000570008B9FFE704E09DF857008DF85600ED
:109AD000FFE7FFE79DF8560020B9FFE700208DF86B
:109AE000670003E001208DF86700FFE79DF867003D
:109AF0001AB080BD0000000080B586B004900391CC
:109B0000049820B9FFE701208DF817003CE2039884
:109B100042F20001C5F20021096801F00F018842FC
:109B200016D9FFE742F20000C5F20020016821F0DB
:109B30000F01039A11430160006800F00F000399C0
:109B4000884204D0FFE701208DF817001CE2FFE7F0
:109B5000049800784007002819D5FFE704980069A9
:109B600044F21841C5F60201096801F0700188420B
:109B70000CD9FFE744F21841C5F60201086820F04D
:109B80007000049A126910430860FFE7FFE7049829
:109B900000780007002819D5FFE70498406944F2CF
:109BA0001C41C5F60201096801F0700188420CD918
:109BB000FFE744F21C41C5F60201086820F070007E
:109BC000049A526910430860FFE7FFE704980078A1
:109BD000C006002819D5FFE70498806944F21C41AB
:109BE000C5F60201096801F4E06188420CD9FFE77B
:109BF00044F21C41C5F60201086820F4E060049AB2
:109C0000926910430860FFE7FFE704980078800638
:109C1000002819D5FFE70498C06944F22041C5F631
:109C20000201096801F0700188420CD9FFE744F293
:109C30002041C5F60201086820F07000049AD2693C
:109C400010430860FFE7FFE70498007880070028CA
:109C500019D5FFE70498C06844F21841C5F602011F
:109C6000096801F00F0188420CD9FFE744F218415E
:109C7000C5F60201086820F00F00049AD26810436C
:109C80000860FFE7FFE704980078C007002800F0AD
:109C90008C80FFE744F21841C5F60201086820F401
:109CA0007060049A92681043086004984068022823
:109CB00011D1FFE744F20040C5F60200006800F44D
:109CC00000310020B0EB514F04D1FFE701208DF8A7
:109CD000170059E13EE004984068032811D1FFE7DE
:109CE00044F20040C5F60200006800F00071002058
:109CF000B0EB516F04D1FFE701208DF8170043E16D
:109D000027E004984068012811D1FFE744F20040A1
:109D1000C5F60200006800F480710020B0EB112F3E
:109D200004D1FFE701208DF817002DE110E044F287
:109D30000040C5F60200006800F004010020B0EB0E
:109D4000910F04D1FFE701208DF817001CE1FFE718
:109D5000FFE7FFE744F21041C5F60201086820F072
:109D60000700049A526810430860FDF7ADFE0190A9
:109D7000FFE744F21040C5F60200006800F038002A
:109D800004994968B0EBC10F0ED0FFE7FDF79CFEC8
:109D90000199401A41F28931884204D3FFE7032038
:109DA0008DF81700F0E0E4E7FFE7049800788007FB
:109DB000002819D5FFE70498C06844F21841C5F699
:109DC0000201096801F00F0188420CD2FFE744F25A
:109DD0001841C5F60201086820F00F00049AD26805
:109DE00010430860FFE7FFE7039842F20001C5F265
:109DF0000021096801F00F01884216D2FFE742F204
:109E00000000C5F20020016821F00F01039A114300
:109E10000160006800F00F000399884204D0FFE75A
:109E200001208DF81700AFE0FFE7049800784007A5
:109E3000002819D5FFE70498006944F21841C5F6D7
:109E40000201096801F0700188420CD2FFE744F278
:109E50001841C5F60201086820F07000049A1269E2
:109E600010430860FFE7FFE7049800780007002828
:109E700019D5FFE70498406944F21C41C5F6020178
:109E8000096801F0700188420CD2FFE744F21C41DE
:109E9000C5F60201086820F07000049A5269104368
:109EA0000860FFE7FFE704980078C006002819D58E
:109EB000FFE70498806944F21C41C5F60201096875
:109EC00001F4E06188420CD2FFE744F21C41C5F680
:109ED0000201086820F4E060049A92691043086067
:109EE000FFE7FFE7049800788006002819D5FFE710
:109EF0000498C06944F22041C5F60201096801F0E6
:109F0000700188420CD2FFE744F22041C5F60201FD
:109F1000086820F07000049AD26910430860FFE7D7
:109F2000FFE700F0CDF844F21842C5F602021168CE
:109F3000C1F3032349F20851C0F60101CB5C03F0E1
:109F40001F03D84000900098126802F00F02895C4D
:109F500001F01F01C84040F20801C2F20001086090
:109F6000009840F20401C2F20001086040F21400BF
:109F7000C2F200000068FEF707FA8DF80B009DF8AA
:109F80000B008DF81700FFE79DF8170006B080BDA5
:109F900082B00190009101993F20086044F2104086
:109FA000C5F60200006800F007000199486044F21D
:109FB0001840C5F60200016801F47061019A9160D1
:109FC000016801F00F01019AD160006800F0700093
:109FD0000199086144F21C40C5F60200016801F0D5
:109FE0007001019A5161006800F4E0600199886194
:109FF00044F22040C5F60200006800F070000199AC
:10A00000C86142F20000C5F20020006800F00F00B5
:10A010000099086002B0704780B582B000F050F837
:10A0200044F21842C5F602021168C1F3032349F253
:10A030000851C0F60101CB5C03F01F03D84001902A
:10A040000198126802F00F02895C01F01F0120FAEA
:10A0500001F140F20800C2F200000160019940F2F3
:10A060000402C2F200021160006802B080BD00006C
:10A0700080B5FFF7D1FF44F21C41C5F60201096823
:10A08000C1F3021249F20851C0F60101895C01F0E6
:10A090001F01C84080BD000080B5FFF7BDFF44F23E
:10A0A0001C41C5F602010968C1F3022249F20851B8
:10A0B000C0F60101895C01F01F01C84080BD0000AD
:10A0C0008AB044F21040C5F60200006800F0380083
:10A0D00001460191182800F25F810199DFE811F033
:10A0E00019005C015C015C015C015C015C015C01CC
:10A0F0003A005C015C015C015C015C015C015C019B
:10A1000040005C015C015C015C015C015C015C0184
:10A11000460044F20040C5F60200006800F020014D
:10A120000020B0EB511F0ED0FFE744F20040C5F60F
:10A1300002000068C0F3C10149F20000C0F2D03053
:10A14000C840029005E049F20000C0F2D030029011
:10A15000FFE727E140F60010C0F23D00029021E148
:10A1600043F20060C0F26E1002901BE144F22840FE
:10A17000C5F60200016801F0030108910068C0F310
:10A180000510079044F22C40C5F60200006800F06C
:10A1900001000690069844F23441C5F602010968B0
:10A1A00089B2C908484300EE100AB8EE400A8DEDA6
:10A1B000040A0798002800F0EB80FFE70898009059
:10A1C00048B1FFE70098012865D0FFE70098022812
:10A1D00000F08380A3E044F20040C5F6020000686E
:10A1E00000F020010020B0EB511F31D0FFE744F216
:10A1F0000040C5F602000068C0F3C10149F200004A
:10A20000C0F2D030C84005909DED050AB8EE400A76
:10A210009DED071AB8EE411A80EE010A44F2304073
:10A22000C5F6020000686FF35F2001EE100AB8EE79
:10A23000411A9DED042A9FED5E3A02EE031AB7EE35
:10A24000002A31EE021A20EE010A8DED030A21E008
:10A250009DED070AB8EE401A9FED570A80EE010AFD
:10A2600044F23040C5F6020000686FF35F2001EE53
:10A27000100AB8EE411A9DED042A9FED4D3A02EE08
:10A28000031AB7EE002A31EE021A20EE010A8DED14
:10A29000030AFFE765E09DED070AB8EE401A9FED5F
:10A2A000450A80EE010A44F23040C5F6020000681B
:10A2B0006FF35F2001EE100AB8EE411A9DED042AFB
:10A2C0009FED3B3A02EE031AB7EE002A31EE021A76
:10A2D00020EE010A8DED030A43E09DED070AB8EE7A
:10A2E000401A9FED320A80EE010A44F23040C5F672
:10A2F000020000686FF35F2001EE100AB8EE411A09
:10A300009DED042A9FED2A3A02EE031AB7EE002AC9
:10A3100031EE021A20EE010A8DED030A21E09DEDD7
:10A32000070AB8EE401A9FED230A80EE010A44F2B4
:10A330003040C5F6020000686FF35F2001EE100A9E
:10A34000B8EE411A9DED042A9FED193A02EE031A68
:10A35000B7EE002A31EE021A20EE010A8DED030A53
:10A36000FFE744F23040C5F60200006881B20120E8
:10A3700000EB512009909DED030A9DED091AB8EEFE
:10A38000411A80EE010ABCEEC00A8DED020A02E01D
:10A3900000200290FFE705E040F60010C0F23D000B
:10A3A0000290FFE702980AB0704700BF001BB74B4E
:10A3B000000000390024744A0024744C000000009E
:10A3C00080B58CB00A900A9828B9FFE701208DF873
:10A3D0002F0000F001BD0A980078C007002800F0A7
:10A3E000B980FFE744F21040C5F60200006800F0B3
:10A3F0003800069044F22840C5F602000068059037
:10A40000069810280AD0FFE7069818281CD1FFE705
:10A41000059800F00300022816D1FFE744F200403F
:10A42000C5F60200006800F400310020B0EB514F87
:10A4300009D0FFE70A98406828B9FFE701208DF8A6
:10A440002F0000F0C9BC84E0FFE70A984068B0F52F
:10A45000803F09D1FFE744F20041C5F602010868D8
:10A4600040F48030086032E00A98406868B9FFE73D
:10A4700044F20041C5F60201086820F4803008600B
:10A48000086820F48020086020E00A984068B0F551
:10A49000A02F0DD1FFE744F20041C5F60201086884
:10A4A00040F480200860086840F4803008600CE0C8
:10A4B00044F20041C5F60201086820F480300860CB
:10A4C000086820F480200860FFE7FFE7FFE7FFE768
:10A4D0000A984068F0B1FFE7FDF7F6FA0990FFE748
:10A4E00044F20040C5F60200006800F4003100208C
:10A4F000B0EB514F0DD1FFE7FDF7E6FA0999401A8D
:10A50000652805D3FFE703208DF82F0000F064BC19
:10A51000E6E71DE0FDF7D8FA0990FFE744F20040B6
:10A52000C5F60200006800F400310020B0EB514F86
:10A530000DD0FFE7FDF7C8FA0999401A652805D341
:10A54000FFE703208DF82F0000F046BCE6E7FFE7A9
:10A55000FFE7FFE70A9800788007002840F1C580F0
:10A56000FFE744F21040C5F60200006800F0380032
:10A57000049044F22840C5F6020000680390049855
:10A5800050B1FFE70498182850D1FFE79DF80C0060
:10A59000800700284AD1FFE744F20040C5F60200D8
:10A5A000006800F004010020B0EB910F09D0FFE734
:10A5B0000A98C06828B9FFE701208DF82F0000F045
:10A5C0000BBC44F20041C5F60201086820F01900F6
:10A5D0000A9AD26810430860FDF776FA0990FFE7FF
:10A5E00044F20040C5F60200006800F004010020BB
:10A5F000B0EB910F0CD1FFE7FDF766FA0999401A0D
:10A60000032804D3FFE703208DF82F00E4E3E7E7F6
:10A6100044F20441C5F60201086820F0FE400A9A9F
:10A62000126940EA02600860FFE75DE00A98C068CE
:10A63000A0B3FFE744F20041C5F60201086820F02C
:10A6400019000A9AD26810430860FDF73DFA099094
:10A65000FFE744F20040C5F60200006800F0040184
:10A660000020B0EB910F0CD1FFE7FDF72DFA09990F
:10A67000401A032804D3FFE703208DF82F00ABE333
:10A68000E7E744F20441C5F60201086820F0FE4005
:10A690000A9A126940EA0260086024E044F200412C
:10A6A000C5F60201086820F001000860FDF70CFA09
:10A6B0000990FFE744F20040C5F60200006800F090
:10A6C00004010020B0EB910F0CD0FFE7FDF7FCF97F
:10A6D0000999401A032804D3FFE703208DF82F00BF
:10A6E0007AE3E7E7FFE7FFE7FFE70A980078C006AD
:10A6F000002840F1A080FFE744F21040C5F60200B8
:10A70000006800F03800029044F22840C5F60200CC
:10A7100000680190029808280AD0FFE702981828DC
:10A720002BD1FFE7019800F00300012825D1FFE7B6
:10A7300044F20040C5F60200006800F48071002079
:10A74000B0EB112F09D0FFE70A98C069802804D028
:10A75000FFE701208DF82F003EE3FFE744F20C41B4
:10A76000C5F60201086820F07C500A9A126A40EA95
:10A7700002600860FFE7FFE75CE00A98C06998B3F1
:10A78000FFE744F20041C5F60201086840F080008E
:10A790000860FDF799F90990FFE744F20040C5F61B
:10A7A0000200006800F480710020B0EB112F0CD182
:10A7B000FFE7FDF789F90999401A032804D3FFE759
:10A7C00003208DF82F0007E3E7E7FFE744F20C4191
:10A7D000C5F60201086820F07C500A9A126A40EA25
:10A7E00002600860FFE724E044F20041C5F6020180
:10A7F000086820F080000860FDF766F90990FFE71F
:10A8000044F20040C5F60200006800F480710020A8
:10A81000B0EB112F0CD0FFE7FDF756F90999401A5C
:10A82000032804D3FFE703208DF82F00D4E2E7E7E5
:10A83000FFE7FFE7FFE70A980078000700284FD5F9
:10A84000FFE70A98406928B3FFE744F27441C5F670
:10A850000201086840F001000860FDF735F9099031
:10A86000FFE744F27440C5F60200006800F0020100
:10A870000020B0EB510F0CD1FFE7FDF725F9099946
:10A88000401A032804D3FFE703208DF82F00A3E22A
:10A89000E7E724E044F27441C5F60201086820F0BD
:10A8A00001000860FDF710F90990FFE744F27440D9
:10A8B000C5F60200006800F002010020B0EB510F65
:10A8C0000CD0FFE7FDF700F90999401A032804D3DB
:10A8D000FFE703208DF82F007EE2E7E7FFE7FFE7C1
:10A8E0000A980078800600284FD5FFE70A9880690B
:10A8F00028B3FFE744F20041C5F60201086840F4BE
:10A9000080500860FDF7E0F80990FFE744F200404E
:10A91000C5F60200006800F400510020B0EB513F82
:10A920000CD1FFE7FDF7D0F80999401A032804D3AA
:10A93000FFE703208DF82F004EE2E7E724E044F222
:10A940000041C5F60201086820F480500860FDF758
:10A95000BBF80990FFE744F20040C5F6020000682A
:10A9600000F400510020B0EB513F0CD0FFE7FDF7A1
:10A97000ABF80999401A032804D3FFE703208DF8A8
:10A980002F0029E2E7E7FFE7FFE70A980078400792
:10A99000002840F1A780FFE744F60001C5F6020158
:10A9A000086840F480700860FDF78EF80990FFE7B2
:10A9B00044F60000C5F602000068C00500280CD46B
:10A9C000FFE7FDF781F80999401A652804D3FFE7EE
:10A9D00003208DF82F00FFE1EAE7FFE70A9880687F
:10A9E000012809D1FFE744F27041C5F60201086869
:10A9F00040F00100086031E00A98806868B9FFE71C
:10AA000044F27041C5F60201086820F001000860B8
:10AA1000086820F0040008601FE00A988068052894
:10AA20000DD1FFE744F27041C5F60201086840F01D
:10AA300004000860086840F0010008600CE044F27F
:10AA40007041C5F60201086820F00100086008683E
:10AA500020F004000860FFE7FFE7FFE7FFE70A9840
:10AA60008068F8B1FFE7FDF72FF80990FFE744F29F
:10AA70007040C5F60200006800F002010020B0EB53
:10AA8000510F0ED1FFE7FDF71FF80999401A41F267
:10AA90008931884204D3FFE703208DF82F009BE122
:10AAA000E5E71EE0FDF710F80990FFE744F270407B
:10AAB000C5F60200006800F002010020B0EB510F63
:10AAC0000ED0FFE7FDF700F80999401A41F28931ED
:10AAD000884204D3FFE703208DF82F007CE1E5E7EF
:10AAE000FFE7FFE70A98406A002800F07181FFE75E
:10AAF00044F21040C5F60200006800F03800182843
:10AB000000F0E080FFE70A98406A022840F0B48035
:10AB1000FFE744F20041C5F60201086820F08070AA
:10AB20000860FCF7D1FF0990FFE744F20040C5F64A
:10AB30000200006800F000710020B0EB516F0CD0F3
:10AB4000FFE7FCF7C1FF0999401A032804D3FFE788
:10AB500003208DF82F003FE1E7E7FFE744F22841AB
:10AB6000C5F60201086840F2F33290430A9B9A6AE4
:10AB7000DB6A42EA0312104308600A99086BD1F8B5
:10AB800034C08B6BCA6B01386FF35F204FF60061E6
:10AB9000CFF6FF7101EB4C2189B208440021CFF6BA
:10ABA000FF7101EB034101F4FE0108444FF07F41C6
:10ABB00001EB026101F0FE41084444F23041C5F668
:10ABC00002010860FFE744F22C41C5F60201009142
:10ABD000086820F00100086044F23442C5F6020221
:10ABE00010684FF6F87398430A9B9B6C40EAC300C9
:10ABF0001060086820F00C000A9A126C104308607C
:10AC0000086820F002000A9A526C10430860086835
:10AC100040F480300860086840F40030086008683C
:10AC200040F480200860086840F00100086044F2A9
:10AC30000041C5F60201086840F080700860FCF72A
:10AC400043FF0990FFE744F20040C5F602000068A8
:10AC500000F000710020B0EB516F0CD1FFE7FCF762
:10AC600033FF0999401A032804D3FFE703208DF826
:10AC70002F00B1E0E7E724E044F20041C5F602010D
:10AC8000086820F080700860FCF71EFF0990FFE75D
:10AC900044F20040C5F60200006800F00071002098
:10ACA000B0EB516F0CD0FFE7FCF70EFF0999401A8B
:10ACB000032804D3FFE703208DF82F008CE0E7E79B
:10ACC000FFE784E044F22840C5F6020000680890DF
:10ACD00044F23040C5F60200006807900A98406AC6
:10ACE000012837D0FFE7089800F003000A99896A25
:10ACF00088422FD1FFE7089800F47C710A98C06A57
:10AD0000B0EB111F26D1FFE707986FF35F200A9978
:10AD1000096B013988421DD1FFE7BDF81C100A9864
:10AD2000406B0138B0EB512F14D1FFE7079800F4C6
:10AD3000FE010A98806B0138B0EB114F0AD1FFE792
:10AD4000079800F0FE410A98C06B0138B0EB116F14
:10AD500004D0FFE701208DF82F003DE044F234409D
:10AD6000C5F60200006880B2C00808900A98806C9E
:10AD70000899884229D0FFE744F22C41C5F6020128
:10AD8000086820F001000860FCF79EFE0990FFE7CC
:10AD9000FCF79AFE0999401A08B9FFE7F8E744F270
:10ADA0003441C5F6020108684FF6F87290430A9ADA
:10ADB000926C40EAC200086044F22C41C5F60201E0
:10ADC000086840F001000860FFE7FFE7FFE7FFE7E2
:10ADD00000208DF82F00FFE79DF82F000CB080BDFC
:10ADE00080B586B00490049820B9FFE701208DF863
:10ADF00017003AE10498406A08B9FFE7FFE70499B1
:10AE0000002088620498006843F20001C4F2010146
:10AE100088421BD0FFE70498006843F60001C4F2A3
:10AE20000001884212D0FFE70498006843F6004111
:10AE3000C4F20001884209D0FFE70498C0681028D6
:10AE400004D3FFE701208DF817000EE1049805F008
:10AE5000DFFE02900498006843F20001C4F2010191
:10AE6000884216D0FFE70498006843F60001C4F258
:10AE7000000188420DD0FFE70498006843F60041C6
:10AE8000C4F20001884204D0FFE7029808281FD8C6
:10AE9000FFE70498006843F20001C4F20101884210
:10AEA00012D0FFE70498006843F60001C4F20001E5
:10AEB000884209D0FFE70498006843F60041C4F2D5
:10AEC0000001884208D1FFE70298112804D3FFE768
:10AED00001208DF81700C8E0049890F8810040B96F
:10AEE000FFE70499002081F88000049800F0C4F87E
:10AEF000FFE70499022081F881000498016808683E
:10AF000020F00100086004980068806800F4F810E0
:10AF1000039004988069B0F1806F1BD1FFE704981B
:10AF20004068B0F5800F04D1FFE70498806B50B102
:10AF3000FFE70498406868B9FFE70498806BB0F1B8
:10AF4000805F07D1FFE704980168086840F48050EB
:10AF50000860FFE7049880794006002810D5FFE7D5
:10AF60000498C06807280BD3FFE7049800680068BE
:10AF700020F48070049A1168126D1043086006E096
:10AF800004980168086820F480700860FFE7049B5B
:10AF90001968DA68D869D3F828C040EA0C00DDF8EF
:10AFA0000CC040EA0C00DB6B184310438860049A25
:10AFB0000192506B516A0843916B084391690843B1
:10AFC0001168D2F804C09368D2F810E040EA0E008D
:10AFD000D2F814E040EA0E00D2F820E040EA0E0079
:10AFE00040EA0C00D2F84CC040EA0C001843936CC5
:10AFF0001843926D1043C8600498406898B9FFE701
:10B00000049800688068012161F3CC2004990968E4
:10B010008860049800688068022161F34A200499DE
:10B0200009688860FFE704980168086D20F0010056
:10B03000086504988079400600280BD5FFE704983E
:10B040000068C06820F00040049A1168526D1043F7
:10B05000C860FFE704990020C1F88400049A012128
:10B0600082F881108DF81700FFE79DF8170006B0F1
:10B0700080BD00000000000080B5B6B03590002013
:10B080003490339032903190309002A8B821F5F787
:10B0900087F93598006843F20001C4F20101884243
:10B0A00001D0FFE73CE0002003904FF48051029173
:10B0B000199002A8FDF728FD18B1FFE7F7F740F94E
:10B0C000FFE7FFE744F2F040C5F60200016841F4F3
:10B0D00080510160006800F4805001900198FFE702
:10B0E000FFE744F2E040C5F60200016841F00101CB
:10B0F0000160006800F0010000900098FFE7E02088
:10B1000030900220319000203290032033900520AF
:10B1100034900020C5F6020030A9FCF7E9FAFFE7F9
:10B1200036B080BD0000000080B590B0DDF848C0AA
:10B130000E900D910C92ADF82E300E9800682030D4
:10B140000A900E980068303009900E98C16B01206B
:10B1500000EB5110ADF81200FCF7B6FC0890BDF8FA
:10B160002E00ADF81600BDF82E00ADF814000E98B4
:10B1700090F88100012804D0FFE702208DF83F00FD
:10B1800050E30D9838B1FFE70C9820B1FFE7BDF808
:10B190002E0020B9FFE701208DF83F0042E3FFE7D2
:10B1A0000E9890F88000012804D1FFE702208DF866
:10B1B0003F0037E30E99012081F88000FFE7FFE7A9
:10B1C0000E99052081F881000E990020C1F88400B5
:10B1D0000C990E9A5166BDF82E100E9AA2F86A10BC
:10B1E000BDF82E100E9AA2F868100D990E9AD1652E
:10B1F000BDF82E100E9AA2F86210BDF82E100E9A0D
:10B20000A2F860100E9908670E9948670E980068BA
:10B21000C06820F4C0200E990968C8600E980068C4
:10B2200043F20001C4F20101884212D0FFE70E98F8
:10B23000006843F60001C4F20001884209D0FFE72C
:10B240000E98006843F60041C4F20001884203D121
:10B25000FFE71020079002E008200790FFE70E9814
:10B26000006840684FF6FF718843BDF82E1008440F
:10B270000E99096848600E980168086840F001005E
:10B2800008600E984068B0F5800F07D1FFE70E9870
:10B290000168086840F400700860FFE70E98C06815
:10B2A0001028C0F0B580FFE7079880080790FFE7F7
:10B2B000BDF816100120039039B9FFE7BDF814005E
:10B2C000002818BF01200390FFE70398C00700285B
:10B2D00000F09D80FFE70E98006840698007002815
:10B2E00022D5FFE7BDF81600F0B1FFE7BDF8140066
:10B2F000BDF81610079A1144884215D2FFE70E9840
:10B300000168C06D006808620E99C86D0430C86598
:10B310000E99B1F862000138A1F862000E98B0F8F9
:10B320006200ADF81600FFE70E98006840690690CD
:10B33000BDF81400002869D0FFE70E980068406946
:10B34000C007B0B1FFE70E980068006B0E99496E18
:10B3500008600E99486E043048660E99B1F86A008C
:10B360000138A1F86A000E98B0F86A00ADF8140030
:10B370004BE0BDF81400BDF8121088421CDAFFE75C
:10B380009DF819000006002816D5FFE70E98006802
:10B39000006B0E99496E08600E99486E043048663D
:10B3A0000E99B1F86A000138A1F86A000E98B0F859
:10B3B0006A00ADF8140027E0FCF786FB0899401AF4
:10B3C0001299884204D3FFE71298013018B9FFE7B9
:10B3D0001298C0B9FFE70E9805F08EFB0E99D1F8D0
:10B3E000840040F48070C1F884000E99012081F837
:10B3F0008100FFE70E99002081F88000FFE703201D
:10B400008DF83F000EE2FFE7FFE7FFE750E7DCE1E2
:10B410000E98C0680828C0F0DE80FFE70798400853
:10B420000790FFE7BDF816100120029039B9FFE739
:10B43000BDF81400002818BF01200290FFE7029811
:10B44000C007002800F0C680FFE70E98006840693A
:10B450008007002822D5FFE7BDF81600F0B1FFE70E
:10B46000BDF81400BDF81610079A1144884215D291
:10B47000FFE70E98C06D00880A9908800E99C86D84
:10B480000230C8650E99B1F862000138A1F8620077
:10B490000E98B0F86200ADF81600FFE70E9800684D
:10B4A00040690690BDF81400002800F09280FFE784
:10B4B0000E9800684069C007A8B1FFE709980088A6
:10B4C0000E99496E08800E99486E023048660E99B2
:10B4D000B1F86A000138A1F86A000E98B0F86A0065
:10B4E000ADF8140074E0BDF81400BDF812108842E5
:10B4F00024DAFFE79DF81900000600281ED5FFE7B3
:10B50000099800880E99496E08800E99486E02309D
:10B510004866099800880E99496E08800E99486E11
:10B52000023048660E99B1F86A000238A1F86A0044
:10B530000E98B0F86A00ADF8140048E0BDF81400A9
:10B5400001281BD1FFE79DF819008006002815D5BA
:10B55000FFE7099800880E99496E08800E99486E99
:10B56000023048660E99B1F86A000138A1F86A0005
:10B570000E98B0F86A00ADF8140027E0FCF7A4FAC2
:10B580000899401A1299884204D3FFE712980130B3
:10B5900018B9FFE71298C0B9FFE70E9805F0ACFAAA
:10B5A0000E99D1F8840040F48070C1F884000E999F
:10B5B000012081F88100FFE70E99002081F88000CA
:10B5C000FFE703208DF83F002CE1FFE7FFE7FFE7EF
:10B5D000FFE727E7F8E0FFE7BDF81610012001902C
:10B5E00039B9FFE7BDF81400002818BF0120019009
:10B5F000FFE70198C007002800F0E580FFE70E98FC
:10B60000006840698007002823D5FFE7BDF81600D1
:10B61000F8B1FFE7BDF81400BDF81610079A114401
:10B62000884216D2FFE70E980168C06D007881F855
:10B6300020000E99C86D0130C8650E99B1F86200FE
:10B640000138A1F862000E98B0F86200ADF816005B
:10B65000FFE70E98006840690690BDF814000028C6
:10B6600000F0B080FFE70E9800684069C007B8B1ED
:10B67000FFE70E98006890F830000E99496E087048
:10B680000E99486E013048660E99B1F86A0001388B
:10B69000A1F86A000E98B0F86A00ADF8140090E0C6
:10B6A000BDF81400BDF8121088423EDAFFE79DF89D
:10B6B00019000006002838D5FFE70E98006890F8BA
:10B6C00030000E99496E08700E99486E0130486638
:10B6D0000E98006890F830000E99496E08700E9927
:10B6E000486E013048660E98006890F830000E9958
:10B6F000496E08700E99486E013048660E980068D1
:10B7000090F830000E99496E08700E99486E01301D
:10B7100048660E99B1F86A000438A1F86A000E98DC
:10B72000B0F86A00ADF814004AE0BDF81400032830
:10B730001DD8FFE79DF8190010F0600F17D0FFE744
:10B740000E98006890F830000E99496E08700E99B6
:10B75000486E013048660E99B1F86A000138A1F8C8
:10B760006A000E98B0F86A00ADF8140027E0FCF704
:10B77000ABF90899401A1299884204D3FFE712984E
:10B78000013018B9FFE71298C0B9FFE70E9805F02D
:10B79000B3F90E99D1F8840040F48070C1F88400A8
:10B7A0000E99012081F88100FFE70E99002081F8B1
:10B7B0008000FFE703208DF83F0033E0FFE7FFE75D
:10B7C000FFE7FFE708E7FFE7FFE70E98129B0899FE
:10B7D0006A4611600821002205F032FA40B1FFE705
:10B7E0000E99D1F8840040F02000C1F88400FFE7F2
:10B7F0000E9805F081F90E99012081F88100FFE78C
:10B800000E99002081F88000FFE70E98D0F88400A0
:10B8100020B1FFE701208DF83F0003E000208DF804
:10B820003F00FFE79DF83F0010B080BD0000000022
:10B8300081B0009001B0704781B0009001B07047B6
:10B8400081B0009001B0704780B582B00090009840
:10B8500020B9FFE701208DF8070045E0009890F837
:10B860003D0040B9FFE70099002081F83C000098B6
:10B8700000F03EF8FFE70099022081F83D000099B2
:10B8800051F8040B05F0C4FB0099012081F8480031
:10B89000FFE70099012081F83E00009981F83F0000
:10B8A000009981F84000009981F84100009981F8E1
:10B8B0004200009981F84300FFE7FFE7009901206B
:10B8C00081F84400009981F84500009981F846000C
:10B8D000009981F84700FFE70099012081F83D00B9
:10B8E00000208DF80700FFE79DF8070002B080BD3B
:10B8F00081B0009001B0704783B00190019890F83A
:10B900003D00012804D0FFE701208DF80B0083E003
:10B910000199022081F83D0001980168C86840F053
:10B920000100C860019800680021C4F2010188424A
:10B930004ED0FFE701980068B0F1804F48D0FFE794
:10B940000198006840F20041C4F2000188423FD0F3
:10B95000FFE70198006840F60001C4F20001884248
:10B9600036D0FFE70198006840F60041C4F20001BC
:10B9700088422DD0FFE70198006840F20041C4F2F0
:10B980000101884224D0FFE70198006841F60001D8
:10B99000C4F2000188421BD0FFE70198006844F21E
:10B9A0000001C4F20101884212D0FFE7019800684B
:10B9B0004EF20001C4F20001884209D0FFE701986D
:10B9C00000684EF20041C4F20001884219D1FFE73D
:10B9D0000198006880680721C0F2010108400090CA
:10B9E000009806280CD0FFE70098B0F5803F07D0FC
:10B9F000FFE701980168086840F001000860FFE770
:10BA000006E001980168086840F001000860FFE75F
:10BA100000208DF80B00FFE79DF80B0003B0704786
:10BA200081B0009001B0704780B584B00390039856
:10BA30000068C068029003980068006901909DF852
:10BA400004008007002824D5FFE79DF80800800740
:10BA500000281DD5FFE7039801686FF00200086118
:10BA6000039901200877039800688069800720B156
:10BA7000FFE70398FFF7D4FF06E0039800F0FCF817
:10BA8000039800F0FDF8FFE7039900200877FFE72F
:10BA9000FFE79DF804004007002825D5FFE79DF843
:10BAA0000800400700281ED5FFE7039801686FF0E3
:10BAB00004000861039902200877039800688069F0
:10BAC00010F4407F04D0FFE70398FFF7A9FF06E0DA
:10BAD000039800F0D1F8039800F0D2F8FFE703993B
:10BAE00000200877FFE7FFE79DF804000007002823
:10BAF00024D5FFE79DF80800000700281DD5FFE7C3
:10BB0000039801686FF00800086103990420087722
:10BB100003980068C069800720B1FFE70398FFF72A
:10BB20007FFF06E0039800F0A7F8039800F0A8F85C
:10BB3000FFE7039900200877FFE7FFE79DF804007F
:10BB4000C006002825D5FFE79DF80800C00600289C
:10BB50001ED5FFE7039801686FF010000861039994
:10BB60000820087703980068C06910F4407F04D06B
:10BB7000FFE70398FFF754FF06E0039800F07CF816
:10BB8000039800F07DF8FFE7039900200877FFE7AE
:10BB9000FFE79DF80400C00778B1FFE79DF80800B3
:10BBA000C00748B1FFE7039801686FF00100086122
:10BBB000039800F069F8FFE7FFE7019800F08000C4
:10BBC000802806D0FFE79DF805008006002810D5E4
:10BBD000FFE79DF808000006002809D5FFE7039855
:10BBE00001686FF4025008610398FFF725FEFFE734
:10BBF000FFE79DF80500C00780B1FFE79DF808004A
:10BC00000006002809D5FFE7039801686FF48070EB
:10BC100008610398FFF70CFEFFE7FFE79DF80400BB
:10BC20004006002810D5FFE79DF8080040060028D0
:10BC300009D5FFE7039801686FF040000861039899
:10BC400000F032F8FFE7FFE79DF8040080060028C7
:10BC500010D5FFE79DF808008006002809D5FFE70A
:10BC6000039801686FF0200008610398FFF7E8FD72
:10BC7000FFE7FFE704B080BD81B0009001B07047DE
:10BC800081B0009001B0704780B582B001900198FA
:10BC90000068B0F1804F03D1FFE7FCF725FBFFE719
:10BCA00002B080BD0000000081B0009001B070477C
:10BCB00083B00190FFE7019890F88400012804D137
:10BCC000FFE702208DF80B002CE00199012081F89C
:10BCD0008400FFE7FFE701992420C1F8880001985C
:10BCE00000680068009001980168086820F0010071
:10BCF0000860009820F000500090019900204866EC
:10BD0000009801990968086001992020C1F888000D
:10BD1000FFE70199002081F88400FFE700208DF8FB
:10BD20000B00FFE79DF80B0003B070470000000018
:10BD300080B586B004900391ADF80A200498D0F83D
:10BD40008C00202844D1FFE7039820B1FFE7BDF81D
:10BD50000A0020B9FFE701208DF817003CE00499A4
:10BD60000120C86604990020086704980399BDF86B
:10BD70000A2006F0ADFA8DF809009DF8090010BB05
:10BD8000FFE70498C06E012818D1FFE70498016806
:10BD900010200862FFE7FFE70498006850E8000FF2
:10BDA00040F010000190FFE701990498026842E812
:10BDB00000100028F0D1FFE7FFE703E001208DF835
:10BDC0000900FFE7FFE79DF809008DF8170003E081
:10BDD00002208DF81700FFE79DF8170006B080BD20
:10BDE00080B582B00190ADF80210019840F28871E0
:10BDF000C2F20001884201D0FFE70FE0BDF8020067
:10BE000048B1FFE7BDF8021040F20000C2F2004066
:10BE100005F0EAF9FFE7F6F777F9FFE702B080BD32
:10BE200081B0009001B0704780B584B0029001915C
:10BE3000FFE7029890F88400012804D1FFE7022070
:10BE40008DF80F0032E00299012081F88400FFE7AD
:10BE5000FFE702992420C1F8880002980068006872
:10BE6000009002980168086820F0010008600298BC
:10BE70000068806820F060600199084302990968B1
:10BE80008860029805F0E4F9009802990968086052
:10BE900002992020C1F88800FFE70299002081F86C
:10BEA0008400FFE700208DF80F00FFE79DF80F00EA
:10BEB00004B080BD0000000080B584B00290019104
:10BEC000FFE7029890F88400012804D1FFE70220E0
:10BED0008DF80F0032E00299012081F88400FFE71D
:10BEE000FFE702992420C1F88800029800680068E2
:10BEF000009002980168086820F00100086002982C
:10BF00000068806820F06040019908430299096840
:10BF10008860029805F09CF9009802990968086009
:10BF200002992020C1F88800FFE70299002081F8DB
:10BF30008400FFE700208DF80F00FFE79DF80F0059
:10BF400004B080BD0000000081B0009001B07047D7
:10BF500081B0009001B0704780B586B00490FFE7D3
:10BF6000FFE70498006850E8000F20F490700390F9
:10BF7000FFE703990498026842E800100028F0D116
:10BF8000FFE7FFE7FFE7FFE70498006850E8020FCC
:10BF90004FF6FE71CEF6FF7108400290FFE702995E
:10BFA0000498026842E802100028EDD1FFE7FFE79D
:10BFB0000498C06E012814D1FFE7FFE7FFE704985B
:10BFC000006850E8000F20F010000190FFE7019991
:10BFD0000498026842E800100028F0D1FFE7FFE76C
:10BFE000FFE70498006880684006002837D5FFE71F
:10BFF000FFE7FFE70498006850E8020F20F04000D8
:10C000000090FFE700990498026842E802100028B7
:10C01000F0D1FFE7FFE70498D0F88000F0B1FFE728
:10C020000498D0F88010002008650498D0F88000AB
:10C03000F6F79AFB88B1FFE70498D0F88000F7F78D
:10C04000E7FD202808D1FFE704991020C1F89000EF
:10C0500003208DF8170019E0FFE7FFE7FFE70499D9
:10C060000020A1F85E0004990A680F21116204996A
:10C070000A68916941F008019161049A2021C2F88F
:10C080008C100499C8668DF81700FFE79DF817001B
:10C0900006B080BD0000000080B584B00290029818
:10C0A00020B9FFE701208DF80F002FE0029924202E
:10C0B000C1F8880002980168086820F00100086053
:10C0C00002980168002001900860029909684860A0
:10C0D000029909688860029800F0FAFB01980299B9
:10C0E000C1F890000299C1F888000299C1F88C004B
:10C0F0000299C86602990867FFE70299002081F853
:10C100008400FFE700208DF80F00FFE79DF80F0087
:10C1100004B080BD0000000081B0009001B0704705
:10C1200080B592B0119011980068C0691090119874
:10C13000006800680F901198006880680E90109851
:10C1400040F60F0108400D900D98E0B9FFE79DF80B
:10C1500040008006002815D5FFE79DF83C008006CA
:10C16000002806D4FFE79DF83B00C006002809D54B
:10C17000FFE71198406F20B1FFE71198416F8847A2
:10C18000FFE74AE3FFE70D98002800F00C81FFE786
:10C190000E980121C1F20001084209D1FFE70F9872
:10C1A00040F22011C0F20041084200F0FC80FFE79D
:10C1B0009DF84000C00788B1FFE79DF83D00C0072B
:10C1C00060B1FFE711980168012008621199D1F868
:10C1D000900040F00100C1F89000FFE79DF840009A
:10C1E0008007002811D5FFE79DF83800C00760B12F
:10C1F000FFE711980168022008621199D1F89000B8
:10C2000040F00400C1F89000FFE79DF840004007AF
:10C21000002811D5FFE79DF83800C00760B1FFE79F
:10C2200011980168042008621199D1F8900040F03B
:10C230000200C1F89000FFE79DF8400000070028C9
:10C2400019D5FFE79DF83C008006002807D4FFE7DA
:10C250000E980121C1F2000108420CD0FFE71198AD
:10C260000168082008621199D1F8900040F0080098
:10C27000C1F89000FFE79DF841000007002813D5A2
:10C28000FFE79DF83F00400700280DD5FFE7119814
:10C2900001684FF4006008621199D1F8900040F0F5
:10C2A0002000C1F89000FFE71198D0F89000002816
:10C2B00078D0FFE79DF840008006002815D5FFE7FD
:10C2C0009DF83C008006002806D4FFE79DF83B005F
:10C2D000C006002809D5FFE71198406F20B1FFE79D
:10C2E0001198416F8847FFE7FFE71198D0F8900059
:10C2F0000C9011980068806800F04000402806D03B
:10C30000FFE79DF8300010F0280F42D0FFE71198AA
:10C3100005F012FA1198006880684006002833D5AD
:10C32000FFE7FFE7FFE71198006850E8020F20F0F1
:10C3300040000B90FFE70B991198026842E8021049
:10C340000028F0D1FFE7FFE71198D0F88000B0B1E6
:10C35000FFE71198D0F8801041F26950C0F6010053
:10C3600008651198D0F88000F6F7BAFE30B1FFE703
:10C370001198D0F88000016D8847FFE703E011981D
:10C38000FFF7CAFEFFE703E01198FFF7C5FEFFE7DE
:10C3900007E01198FFF7C0FE11990020C1F8900046
:10C3A000FFE7FFE739E21198C06E012840F0D6811F
:10C3B000FFE79DF84000C006002840F1CF81FFE76D
:10C3C0009DF83C00C006002840F1C881FFE71198A5
:10C3D00001681020086211980068806840060028F3
:10C3E00040F15A81FFE71198D0F8800000681021D1
:10C3F000C4F20201884200F0A280FFE71198D0F851
:10C40000800000682821C4F20201884200F0978071
:10C41000FFE71198D0F8800000684021C4F20201C3
:10C42000884200F08C80FFE71198D0F88000006807
:10C430005821C4F20201884200F08180FFE7119880
:10C44000D0F8800000687021C4F20201884276D0E2
:10C45000FFE71198D0F8800000688821C4F202013B
:10C4600088426CD0FFE71198D0F880000068A021C6
:10C47000C4F20201884262D0FFE71198D0F8800030
:10C480000068B821C4F20201884258D0FFE7119831
:10C49000D0F88000006840F21041C4F202018842E6
:10C4A0004DD0FFE71198D0F88000006840F2284195
:10C4B000C4F20201884242D0FFE71198D0F8800010
:10C4C000006840F24041C4F20201884237D0FFE7E1
:10C4D0001198D0F88000006840F25841C4F202017F
:10C4E00088422CD0FFE71198D0F88000006840F215
:10C4F0007041C4F20201884221D0FFE71198D0F8C0
:10C500008000006840F28841C4F20201884216D0DF
:10C51000FFE71198D0F88000006840F2A041C4F213
:10C52000020188420BD0FFE71198D0F88000006824
:10C5300040F2B841C4F20201884207D1FFE71198E6
:10C54000D0F8800000684068019006E01198D0F8AB
:10C550008000006840680190FFE70198ADF82A006C
:10C56000BDF82A0000287BD0FFE7BDF82A0011990A
:10C57000B1F85C10884273DAFFE7BDF82A00119920
:10C58000A1F85E001198D0F88000C069B0F5807FF6
:10C5900059D0FFE7FFE7FFE71198006850E8000F68
:10C5A00020F480700990FFE709991198026842E829
:10C5B00000100028F0D1FFE7FFE7FFE7FFE7119841
:10C5C000006850E8020F20F001000890FFE708998A
:10C5D0001198026842E802100028F0D1FFE7FFE757
:10C5E000FFE7FFE71198006850E8020F20F04000D5
:10C5F0000790FFE707991198026842E802100028A7
:10C60000F0D1FFE7FFE711992020C1F88C001199C4
:10C610000020C866FFE7FFE71198006850E8000FA8
:10C6200020F010000690FFE706991198026842E892
:10C6300000100028F0D1FFE7FFE71198D0F8800044
:10C64000F6F792F8FFE71199022008671198B0F801
:10C650005C10B0F85E20891A89B2FFF7C1FB1AE0BE
:10C66000BDF82A001199B1F85C10884212D1FFE799
:10C670001198D0F88000C069B0F5807F09D1FFE73C
:10C680001199022008671198B0F85C10FFF7A8FB19
:10C69000FFE7FFE7FFE7C0E01199B1F85C00B1F8F0
:10C6A0005E10401AADF816001198B0F85E00002830
:10C6B00053D0FFE7BDF8160000284ED0FFE7FFE794
:10C6C000FFE71198006850E8000F20F49070049084
:10C6D000FFE704991198026842E800100028F0D1A1
:10C6E000FFE7FFE7FFE7FFE71198006850E8020F58
:10C6F0004FF6FE71CEF6FF7108400390FFE70399F5
:10C700001198026842E802100028EDD1FFE7FFE728
:10C7100011992020C1F88C0011990020C866119948
:10C720004867FFE7FFE71198006850E8000F20F026
:10C7300010000290FFE702991198026842E8001089
:10C740000028F0D1FFE7FFE7119902200867119850
:10C75000BDF81610FFF744FBFFE75EE09DF84200CE
:10C76000C00600280FD5FFE79DF83A0040060028D4
:10C7700009D5FFE7119801684FF4801008621198FD
:10C78000FFF7E6FB49E09DF840000006002815D5BC
:10C79000FFE79DF83C000006002806D4FFE79DF85F
:10C7A0003A000006002809D5FFE71198806F20B1F4
:10C7B000FFE71198816F8847FFE72EE09DF8400062
:10C7C000400600280AD5FFE79DF83C0040060028F7
:10C7D00004D5FFE7119804F0FFFF1EE09DF842002A
:10C7E000000600280AD5FFE79DF83F004006002814
:10C7F00004D5FFE71198FFF7A7FB0EE09DF8430073
:10C80000C00750B1FFE79DF83F000006002804D59F
:10C81000FFE71198FFF704FBFFE712B080BD0000AF
:10C8200080B582B00090009820B9FFE701208DF814
:10C83000070046E00098806908B1FFE700E0FFE7E5
:10C840000098D0F8880040B9FFE70099002081F8EF
:10C850008400009800F098F8FFE700992420C1F8C0
:10C86000880000980168086820F0010008600098BE
:10C87000806A20B1FFE7009804F02EFDFFE70098E2
:10C8800004F0FEFF012804D1FFE701208DF8070026
:10C8900017E000980168486820F4904048600098CC
:10C8A0000168886820F02A0088600098016808689C
:10C8B00040F001000860009804F0B2FD8DF8070018
:10C8C000FFE79DF8070002B080BD000000000000F7
:10C8D00080B582B001900198006841F20001C4F275
:10C8E0000101884210D1FFE744F2F041C5F6020190
:10C8F000086820F0100008600020C5F602004FF420
:10C90000C061FAF7DDFD3CE00198006847F60001E0
:10C91000C4F20001884219D1FFE744F2E841C5F6AC
:10C920000201086820F08040086041F20000C5F66E
:10C9300002004FF4C071FAF7C3FD0198D0F88000EF
:10C94000F6F726FF5220FBF7A7FD19E001980068D3
:10C9500041F60041C4F20101884210D1FFE744F2E0
:10C96000F041C5F60201086820F08000086041F23D
:10C970000000C5F602000C21FAF7A2FDFFE7FFE771
:10C98000FFE702B080BD000080B5BCB03B90002046
:10C990003A90399038903790369008A8B821F3F73C
:10C9A000FFFC3B98006841F20001C4F2010188429B
:10C9B0003DD1FFE70020099001210891269008A8A9
:10C9C000FCF7A2F818B1FFE7F5F7BAFCFFE7FFE7BD
:10C9D00044F2F040C5F60200016841F01001016028
:10C9E000006800F0100007900798FFE7FFE744F2A7
:10C9F000E040C5F60200016841F0010101600068F5
:10CA000000F0010006900698FFE74FF4C0603690F2
:10CA100002203790012038900320399007203A9067
:10CA20000020C5F6020036A9FAF762FEC1E03B9885
:10CA3000006847F60001C4F20001884271D1FFE7A7
:10CA40000020099002210891259008A8FCF75CF8C5
:10CA500018B1FFE7F5F774FCFFE7FFE744F2E840A1
:10CA6000C5F60200016841F080410160006800F0F5
:10CA7000804005900598FFE7FFE744F2E040C5F6E7
:10CA80000200016841F010010160006800F0100030
:10CA900004900498FFE74FF4C0703690022037905E
:10CAA000012038900320399007203A9041F200008D
:10CAB000C5F6020036A9FAF71BFE40F27830C2F242
:10CAC00000000190B821C4F2020101604F214160D1
:10CAD00000218160C1604FF4806202614161816127
:10CAE000C1614FF4003202624162F8F779F918B17E
:10CAF000FFE7F5F725FCFFE7FFE73B9840F27831C9
:10CB0000C2F20001C0F880103B988863FFE7522012
:10CB1000009005210022FBF7D7FC0098FBF7C8FC2A
:10CB200046E03B98006841F60041C4F201018842AA
:10CB30003DD1FFE70020099001210891269008A827
:10CB4000FBF7E2FF18B1FFE7F5F7FAFBFFE7FFE7B6
:10CB500044F2F040C5F60200016841F08001016036
:10CB6000006800F0800003900398FFE7FFE744F2BD
:10CB7000E040C5F60200016841F010010160006864
:10CB800000F0100002900298FFE70C20369002207F
:10CB9000379001203890032039900B203A9041F2D1
:10CBA0000000C5F6020036A9FAF7A2FDFFE7FFE78D
:10CBB000FFE73CB080BD000081B0009001B070473D
:10CBC00081B0009001B0704780B58AB0089007919D
:10CBD000ADF81A2005930898D0F88800202840F076
:10CBE0008780FFE7079820B1FFE7BDF81A0020B95A
:10CBF000FFE701208DF827007EE008990020C1F8AA
:10CC0000900008992120C1F88800FAF75DFF029092
:10CC1000BDF81A000899A1F85400BDF81A00089947
:10CC2000A1F8560008988068B0F5805F09D1FFE749
:10CC30000898006928B9FFE700200490079803903E
:10CC400004E00798049000200390FFE7FFE70898AE
:10CC5000B0F8560088B3FFE70898029B05996A462A
:10CC600011608021002205F0CBFB40B1FFE708995D
:10CC70002020C1F8880003208DF827003CE00498AC
:10CC800058B9FFE7039800886FF35F200899096897
:10CC9000886203980230039008E0049800780899AD
:10CCA00009688862049801300490FFE70899B1F898
:10CCB00056000138A1F85600C9E70898029B05996B
:10CCC0006A4611604021002205F09AFB40B1FFE75F
:10CCD00008992020C1F8880003208DF827000BE078
:10CCE00008992020C1F8880000208DF8270003E073
:10CCF00002208DF82700FFE79DF827000AB080BDCD
:10CD000081B0009001B07047FFE7FEE7000000002F
:10CD100081B0009000980068806900F00201002056
:10CD2000B0EB510F05D0FFE7009801680020886242
:10CD3000FFE7009800688069C00738B9FFE70098EE
:10CD40000168886940F001008861FFE701B0704721
:10CD500080B58AB009900891079200208DF81B00D9
:10CD600009990968896905910490079803909DF8CD
:10CD70001400C006002840F18680FFE7099801688A
:10CD80001020C861FFE709980068806900F0200260
:10CD900000210846B1EB521F009007D1FFE79DF834
:10CDA0001B00B0FA80F040090090FFE70098C00730
:10CDB000002857D0FFE708980130002851D0FFE73E
:10CDC000FAF782FE0399401A0899884204D8FFE7CF
:10CDD0000898002844D1FFE709980068406800F4EB
:10CDE00080400290099890F842008DF80700099859
:10CDF0000068806981B20020B0EBD13F14D0FFE71A
:10CE00000298B0F5804F0FD0FFE79DF8070020286B
:10CE10000AD0FFE709980168486840F480404860FC
:10CE2000FAF752FE0390FFE7FFE709980068806970
:10CE300000F020010020B0EB511F10D1FFE7FAF7FE
:10CE400043FE0399401A1A2808D3FFE7049840F0DC
:10CE50002000049001208DF81B0000E0E5E7FFE7CB
:10CE6000FFE790E79DF81B0028B9FFE709980168E4
:10CE70002020C861FFE7049840F0040004900120DE
:10CE80008DF81B00FFE709980068806905909DF800
:10CE90001500C00768B1FFE7049840F00100049056
:10CEA000099801684FF48070C86101208DF81B005B
:10CEB000FFE79DF81500400700280DD5FFE704980F
:10CEC00040F008000490099801684FF48060C86140
:10CED00001208DF81B00FFE79DF815008007002852
:10CEE0000DD5FFE7049840F002000490099801680E
:10CEF0004FF40070C86101208DF81B00FFE79DF81A
:10CF00001B0000B3FFE70998FFF702FF09980168CB
:10CF100048684EF60002CFF6006210404860049A5E
:10CF20000999486C104348640999202081F8410010
:10CF30000999002081F84200FFE70999002081F853
:10CF40004000FFE7FFE79DF81B000AB080BD00002E
:10CF500080B586B0DDF824C0DDF820C00490ADF8BF
:10CF60000E10ADF80C20ADF80A300498BDF80E1084
:10CF70009DF80A20EC4642F20003C8F20003CCF808
:10CF80000030002300F0A4F804980899099A00F0F2
:10CF900083F920B1FFE701208DF8170033E0BDF8D9
:10CFA0000A00012806D1FFE79DF80C0004990968E2
:10CFB000886215E09DF80D0004990968886204985C
:10CFC0000899099A00F068F920B1FFE701208DF86F
:10CFD000170018E09DF80C00049909688862FFE7C3
:10CFE0000498089B09996A4611604021002200F0CC
:10CFF0009BF820B1FFE701208DF8170003E0002027
:10D000008DF81700FFE79DF8170006B080BD0000FF
:10D0100080B586B0DDF824C0DDF820C00490ADF8FE
:10D020000E10ADF80C20ADF80A300498BDF80E10C3
:10D030009DF80A20EC4642F20003C8F20003CCF847
:10D0400000304FF0807300F043F804980899099A73
:10D0500000F022F920B1FFE701208DF8170033E03E
:10D06000BDF80A00012806D1FFE79DF80C000499DD
:10D070000968886215E09DF80D00049909688862C6
:10D0800004980899099A00F007F920B1FFE70120F8
:10D090008DF8170018E09DF80C0004990968886263
:10D0A000FFE70498089B09996A46116080210022D5
:10D0B00000F03AF820B1FFE701208DF8170003E0F7
:10D0C00000208DF81700FFE79DF8170006B080BD1F
:10D0D00084B0DDF810C00390ADF80A108DF8092077
:10D0E0000193BDF80A006FF39F209DF8091040EAF4
:10D0F0000140019908430499084320F00040009042
:10D10000039800684068049920EA515049F60041AC
:10D11000CFF6004108400099084303990968486028
:10D1200004B070470000000080B586B0DDF820C074
:10D13000049003918DF80B200193FFE70498006899
:10D14000806903990840401AB0FA80F040099DF8C0
:10D150000B10884242D1FFE704980199089AFFF723
:10D16000F7FD20B1FFE701208DF817003AE00198A4
:10D17000013090B3FFE7FAF7A7FC0899401A01992C
:10D18000884203D8FFE7019830BBFFE704980068A6
:10D19000806903990840401AB0FA80F040099DF870
:10D1A0000B10884217D1FFE70499486C40F020002B
:10D1B00048640499202081F841000499002081F8F6
:10D1C0004200FFE70499002081F84000FFE70120BA
:10D1D0008DF8170006E0FFE7FFE7AFE700208DF8C6
:10D1E0001700FFE79DF8170006B080BD00000000A3
:10D1F00080B584B0029001910092FFE70298006828
:10D20000806900F020010020B0EB511F39D1FFE709
:10D2100002980199009AFFF79BFD20B1FFE70120DA
:10D220008DF80F0031E0FAF74FFC0099401A019990
:10D23000884203D8FFE7019810BBFFE70298006817
:10D24000806900F020010020B0EB511F17D1FFE7EB
:10D250000299486C40F0200048640299202081F82F
:10D2600041000299002081F84200FFE70299002066
:10D2700081F84000FFE701208DF80F0005E0FFE78F
:10D28000BCE700208DF80F00FFE79DF80F0004B009
:10D2900080BD00000000000080B584B002900191C4
:10D2A0000092FFE702980068806900F00201002008
:10D2B000B0EB510F3ED1FFE702980199009AFFF7BA
:10D2C00047FD20B1FFE701208DF80F0036E00198FF
:10D2D000013070B3FFE7FAF7F7FB0099401A0199A4
:10D2E000884203D8FFE7019810BBFFE70298006867
:10D2F000806900F002010020B0EB510F17D1FFE769
:10D300000299486C40F0200048640299202081F87E
:10D3100041000299002081F84200FFE702990020B5
:10D3200081F84000FFE701208DF80F0006E0FFE7DD
:10D33000FFE7B7E700208DF80F00FFE79DF80F002B
:10D3400004B080BD0000000080B582B0FFE744F269
:10D35000D840C5F60200016841F001010160006893
:10D3600000F0010001900198FFE72F2000900521B7
:10D370000022FBF7A9F80098FBF79AF802B080BDED
:10D3800080B540F2F830C2F200004AF20001C4F267
:10D390000001002206F0BCFE80BD0000000000007D
:10D3A00080B540F29840C2F200004AF20041C4F257
:10D3B00000014FF4A06206F0ABFE80BD000000004B
:10D3C00080B582B040F60150C0F6010049F2E44257
:10D3D000C0F601020021019107F092F9019940F293
:10D3E0002402C2F20002106040F6E940C0F60100DB
:10D3F00049F2C042C0F6010207F082F9019940F2F9
:10D400002002C2F20002106040F69150C0F6010006
:10D4100049F23052C0F6010207F072F940F2C01131
:10D42000C2F20001086002B080BD000000000000F0
:10D4300080B594B0002013901290119010900F902E
:10D44000FFE744F2E040C5F60200016841F0010147
:10D450000160006800F001000E900E98FFE7FFE702
:10D4600044F2E040C5F60200016841F002010160AB
:10D47000006800F002000D900D98FFE7FFE744F20E
:10D48000E040C5F60200016841F004010160006857
:10D4900000F004000C900C98FFE7FFE744F2E04036
:10D4A000C5F60200016841F008010160006800F063
:10D4B00008000B900B98FFE7FFE744F2E040C5F649
:10D4C0000200016841F010010160006800F01000E6
:10D4D0000A900A98FFE7FFE744F2E040C5F6020031
:10D4E000016841F080010160006800F0800009904F
:10D4F0000998FFE740F60000C5F6020003901021EE
:10D5000000220292FAF7C8FA03982021069101221C
:10D510000192FAF7C1FA029A069941F20000C5F6A3
:10D5200002000790FAF7B8FA029A03988021009156
:10D53000FAF7B2FA029A40F60040C5F602000590EA
:10D54000A8210491FAF7A8FA019A029903983023C6
:10D550000F9310921191022112910FA90891FAF7DD
:10D56000C7F8DDF800C0019B029A03980899CDF82E
:10D570003CC0109311921292FAF7BAF8049A0598E7
:10D5800008990F92FAF7B4F8069A079808990F923B
:10D59000FAF7AEF814B080BD80B582B040F23850D2
:10D5A000C2F20000019045F60001C4F200010160E2
:10D5B00042F23171CBF252014160002181600122BF
:10D5C000C260016141618161C1610162FAF724FBBE
:10D5D00018B1FFE7F4F7B4FEFFE740F23850C2F2AB
:10D5E00000000021FAF778FA18B1FFE7F4F7A8FE77
:10D5F000FFE740F23850C2F200000021FAF7B8FA13
:10D6000018B1FFE7F4F79CFEFFE702B080BD000011
:10D6100080B582B040F28C50C2F20000009043F21C
:10D620000001C4F2010101604FF48001416000215A
:10D63000019181600722C260016141614FF0806207
:10D6400082614FF08042C261016241628162C162C7
:10D6500041638163C163016441648164C1640165A4
:10D660004FF0004242658165FDF7BAFB18B1FFE754
:10D67000F4F766FEFFE702B080BD00000000000086
:10D6800080B540F28870C2F2000047F60001C4F293
:10D6900000014FF4E13209F03BF980BD00000000C9
:10D6A00080B540F2F460C2F2000041F60041C4F2DD
:10D6B000010144F24022C0F20F0209F029F980BDB5
:10D6C00080B540F26060C2F2000041F20001C4F295
:10D6D000010144F24022C0F20F0209F019F980BDA5
:10D6E000FFE7FEE70000000040F26031C2F20001F7
:10D6F000002088727047000040F26030C2F20000E3
:10D70000704700000000000041F2F810C2F2000073
:10D71000704700000000000080B58EB049F2844CD4
:10D72000C0F6010CDCF80000DCF80410DCF808207E
:10D73000DCF80C30DCF810C0CDF834C00C930B9240
:10D740000A91099049F2704CC0F6010CDCF8000017
:10D75000DCF80410DCF80820DCF80C30DCF810C031
:10D76000CDF820C0079306920591049040F26031F5
:10D77000C2F2000101910020029008604860087226
:10D7800048728872FAF7A0F9019A01460298D160AE
:10D7900040F6D331C2F20001087040F67000C2F2C8
:10D7A000000000F0A1FF02988DF80F00FFE79DF840
:10D7B0000F00012836D8FFE79DF80F0041F2A012B4
:10D7C000C2F200022C21009110FB012009A901F0F6
:10D7D0006FFC00999DF80F0040F6D432C2F20002AF
:10D7E00010FB012004A901F063FC9DF80F2041F219
:10D7F000F811C2F20001002041F822009DF80F202C
:10D8000001EB820188609DF80F2045F20851C2F2B9
:10D81000000141F82200FFE79DF80F0001308DF86C
:10D820000F00C4E700208DF80E00FFE79DF80E0002
:10D83000052811D8FFE79DF80E1041F2F810C2F24A
:10D84000000000EB810100200861FFE79DF80E0059
:10D8500001308DF80E00E9E700208DF80D00FFE79C
:10D860009DF80D00012811D8FFE79DF80D1041F239
:10D87000F810C2F2000000EB810100208862FFE78F
:10D880009DF80D0001308DF80D00E9E741F2F81127
:10D89000C2F20001002081F83000012281F831201D
:10D8A00081F832000EB080BD80B582B040F26031A8
:10D8B000C2F20001019101208872FAF705F901997D
:10D8C000C86002B080BD000080B582B08DF807004E
:10D8D0009DF80700002818BF012040F26031C2F215
:10D8E000000100910872FAF7EFF801460098C16054
:10D8F000007AA0B9FFE740F26030C2F200000021D8
:10D9000001604160417240F6D330C2F20000017004
:10D9100040F67000C2F2000000F0D2FFFFE702B054
:10D9200080BD00000000000080B582B08DF80700C7
:10D930008DF806108DED000A9DF807109DF8062061
:10D940009DED000A40F67000C2F2000000F068FF92
:10D95000FAF7BAF840F26031C2F20001C86002B0D2
:10D9600080BD00000000000080B582B08DF8070087
:10D970008DF806108DED000A9DF807109DF8062021
:10D980009DED000A40F67000C2F2000000F070FF4A
:10D99000FAF79AF840F26031C2F20001C86002B0B2
:10D9A00080BD00000000000080B584B08DF80F003D
:10D9B0009DF80F1040F67000C2F20000029000F0D7
:10D9C0007FFF029890F8340141F2F811C2F2000191
:10D9D00081F830009DF80F0018B1FFE70120019099
:10D9E00006E040F26030C2F20000007A0190FFE7EA
:10D9F000019840F26031C2F2000100910872FAF71A
:10DA000063F80099C86004B080BD00000000000009
:10DA100080B582B08DF807008DED000A9DF80710E3
:10DA20009DED000A40F67000C2F2000000F05CFFBD
:10DA3000FAF74AF840F26031C2F20001C86002B061
:10DA400080BD00000000000080B582B08DF80700A6
:10DA50008DF806108DED000A9DF807109DF8062040
:10DA60009DED000A40F67000C2F2000000F058FF81
:10DA7000FAF72AF840F26031C2F20001C86002B041
:10DA800080BD00000000000080B582B08DED010A6D
:10DA90009DED010A40F67000C2F2000000F068FF40
:10DAA000FAF712F840F26031C2F20001C86002B029
:10DAB00080BD00000000000080B582B00190019997
:10DAC00040F67000C2F2000000F062FF00208DF806
:10DAD0000300FFE79DF80300052818D8FFE79DF82D
:10DAE000032040F67000C2F2000000EB8200D0F884
:10DAF000140141F2F811C2F2000101EB8201086148
:10DB0000FFE79DF8030001308DF80300E2E7F9F725
:10DB1000DBFF40F26031C2F20001C86002B080BD9C
:10DB200080B582B00190019940F67000C2F2000009
:10DB300000F052FFF9F7C8FF40F26031C2F2000175
:10DB4000C86002B080BD000082B08DED010ACDED4D
:10DB5000000A019840F67001C2F20001C1F81401F8
:10DB60000098C1F81801019841F2F811C2F20001C1
:10DB700008610098486102B0704700000000000092
:10DB800010B58AB08DF827008DF826108DED080AA3
:10DB9000CDED070A8DED061A9DF82600022801D367
:10DBA000FFE75AE09DF8270068BBFFE79DF82600D5
:10DBB00041F2A012C2F200022C2110FB01244843C2
:10DBC0006368D4F808C0D4F80CE0246910580594B0
:10DBD000CDF810E0CDF80CC0029301904FF08240D8
:10DBE00005900020C4F2A0100490089801900798B6
:10DBF0000290069803909DF8260010FB012001A9D1
:10DC000001F096FA29E09DF8260040F6D432C2F2DF
:10DC100000022C2110FB012448436368D4F808C09B
:10DC2000D4F80CE0246910580594CDF810E0CDF834
:10DC30000CC0029301900020C4F2F02005900898D7
:10DC4000019007980290069803909DF8260010FB1B
:10DC5000012001A901F06CFAFFE70AB010BD000035
:10DC600080B584B08DED030ACDED020A039840F231
:10DC70006031C2F200010191086002984860012001
:10DC8000087240F6D331C2F2000100200870F9F7A3
:10DC90001BFF0199C86004B080BD000000000000B7
:10DCA00080B584B08DED030ACDED020A039845F2EC
:10DCB0000851C2F2000108600298486040F26031E9
:10DCC000C2F2000101910120087240F6D331C2F284
:10DCD00000010870F9F7F8FE0199C86004B080BD32
:10DCE00080B586B040F26031C2F20001029100209E
:10DCF00004900860486008724872F9F7E5FE029ADD
:10DD00000499D06040F6D330C2F20000017041F2B5
:10DD1000F810C2F20000039080F8321040F6700054
:10DD2000C2F2000000F0CCFD0399049881F83000A5
:10DD30008DF81700FFE79DF81700012837D8FFE797
:10DD40009DF8170041F2A012C2F200022C210191AD
:10DD500010FB012001F0D4F901999DF8170040F65D
:10DD6000D432C2F2000210FB012001F0C9F99DF883
:10DD7000172041F2F810C2F20000002140F82210F2
:10DD80009DF8172000EB820291609DF8172000EBB0
:10DD9000820081629DF817009FED060A00F01CFCCE
:10DDA000FFE79DF8170001308DF81700C3E706B0B4
:10DDB00080BD00BF0000000080B59CB08DED1B0A47
:10DDC000F9F782FE1A904DF20A70C3F6A35019902B
:10DDD00040F26030C2F2000090ED000A90ED011AAE
:10DDE0009FEDD72AA1EE420A8DED180A90ED000AA8
:10DDF00090ED011AA1EE020A8DED170A002000F045
:10DE0000BFFA1690012000F0BBFA1590169830B1B9
:10DE1000FFE7169890ED030A8DED0B0A04E09FEDE5
:10DE2000C90A8DED0B0AFFE79DED0B0A40F6700065
:10DE3000C2F2000080ED470A169830B1FFE716984D
:10DE400090ED040A8DED0A0A04E09FEDBE0A8DED07
:10DE50000A0AFFE79DED0A0A40F67000C2F20000D0
:10DE600080ED480A159830B1FFE7159890ED030A48
:10DE70008DED090A04E09FEDB30A8DED090AFFE775
:10DE80009DED090A40F67000C2F2000080ED490ADB
:10DE9000159830B1FFE7159890ED040A8DED080A4A
:10DEA00004E09FEDA80A8DED080AFFE79DED080A42
:10DEB00040F67000C2F2000080ED4A0A00208DF8A2
:10DEC0005300FFE79DF85300052818D8FFE79DF899
:10DED000532040F67000C2F2000000EB8200D0F840
:10DEE000140141F2F811C2F2000101EB8201086154
:10DEF000FFE79DF8530001308DF85300E2E740F250
:10DF00006030C2F20000417A0120079071B9FFE74A
:10DF10001A9840F26031C2F20001C968411A00202B
:10DF2000B1F5967F98BF01200790FFE7079800F0B2
:10DF3000010141F2F810C2F2000080F8311090F8AF
:10DF40003100A8B9FFE740F26030C2F200000021C2
:10DF5000017241720160416040F6D330C2F20000AC
:10DF6000017040F67000C2F2000000F0A9FCFFE76B
:10DF700040F67000C2F2000090F83401002800F072
:10DF80009E80FFE740F26030C2F20000007A002875
:10DF900000F09580FFE741F2F810C2F2000090F81F
:10DFA0003100002800F08B80FFE79DED180A9FEDFF
:10DFB000B81A8DED051A80EE010ADFEDB60ACDED37
:10DFC000060A05F071FF9DED051ADDED060A8DEDDF
:10DFD000130A9DED170A80EE010A05F065FF8DED2D
:10DFE000120A139841F2F811C2F200010860129867
:10DFF0004860139840F67001C2F20001C1F8FC00BD
:10E000001298C1F804019DED130AB5EE400AF1EE35
:10E0100010FA08D1FFE79DED120AB5EE400AF1EEC5
:10E0200010FA0DD0FFE740F67001C2F20001D1F8FE
:10E030001C01C1F8F800D1F82401C1F80001FFE784
:10E0400040F67000C2F2000000F0EAFA00208DF8FD
:10E050004700FFE79DF84700012828D8FFE79DF813
:10E06000473040F67000C2F2000000F5967151F89A
:10E07000230041F2F812C2F2000202EB830398621D
:10E080009DF8473051F8230002EB830290609DF821
:10E09000470001EB800191ED000A012100F09CFA9C
:10E0A000FFE79DF8470001308DF84700D2E741F2C5
:10E0B000F811C2F20001012081F83000E4E041F2E1
:10E0C000F811C2F20001002081F830008DF84600FE
:10E0D000FFE79DF84600012800F2D680FFE79DF893
:10E0E000460000F04DF91090109830B1FFE71098FD
:10E0F00090ED040A8DED040A04E09FED640A8DEDB5
:10E10000040AFFE79DED040A8DED0F0A109830B167
:10E11000FFE7109890ED030A8DED030A04E09FEDF0
:10E120005B0A8DED030AFFE79DED030A8DED0E0AF4
:10E1300040F6D330C2F20000007838B304E000BFEC
:10E140000AD7A33D000000009DF8462040F6D431D8
:10E15000C2F200012C2012FB001045F20851C2F25D
:10E16000000101EB820191ED000ADDED0E0A9DED4B
:10E170001B1A00F011FF9DF8461041F2F810C2F290
:10E18000000000EB810080ED000A26E09DF84600CB
:10E1900028B9FFE79DED180A8DED020A04E09DED18
:10E1A000170A8DED020AFFE79DED020A8DED0C0ABC
:10E1B0009DED0C0A9FED361A80EE010ADFED350A5F
:10E1C00005F072FE9DF8461041F2F810C2F2000010
:10E1D00000EB810080ED000AFFE79DF8462041F248
:10E1E000A011C2F200012C2012FB001041F2F81124
:10E1F000C2F2000101EB820191ED000ADDED0F0A90
:10E200009DED1B1A00F0C8FE8DED0D0A40F2603046
:10E21000C2F20000007A40B1FFE741F2F810C2F20A
:10E22000000090F83100B0B9FFE7002001900D9098
:10E230009DF8460041F2A012C2F200022C2110FB10
:10E24000012000F05DFF01999DF846009FED0F0A47
:10E2500000F0C2F907E09DF846009DED0D0A01218E
:10E2600000F0BAF9FFE70D989DF8462041F2F81149
:10E27000C2F2000101EB82018860FFE79DF84600D1
:10E2800001308DF8460024E71CB080BD000000007E
:10E29000FB04413E0000F04280B582B08DF80700DB
:10E2A0008DF806108DED000A9DF807009DF8061008
:10E2B0009DED000A00F090F99DF8070000F03CF990
:10E2C00002B080BD0000000080B586B004AA0292B2
:10E2D000024602988DF816208DF8151080ED000A80
:10E2E0009DF8160050BBFFE702989DF8151090EDC1
:10E2F000000A00200090FFF7CFFF014602988DF83A
:10E300000F109DF8151090ED000A0120FFF7C4FFD3
:10E31000014600988DF80E109DF80F10019039B944
:10E32000FFE79DF80E00B0FA80F040090190FFE78A
:10E330000199012088438DF817001AE09DF8160016
:10E3400098B1FFE79DF8160002280ED8FFE7029A61
:10E350009DF8160001389DF8151092ED000AC0B224
:10E36000FFF79AFF8DF8170003E001208DF81700E2
:10E37000FFE79DF8170006B080BD00000000000018
:10E3800082B08DF803009DF80300022803D3FFE755
:10E390000020019009E09DF8031040F6A810C2F299
:10E3A000000000EB41100190FFE7019802B07047B8
:10E3B00082B0019000208DF80300FFE79DF8030074
:10E3C000012821D8FFE701989DF8032040F6A81105
:10E3D000C2F2000101EB42118968401AB0F5967F44
:10E3E0000BD9FFE79DF8031040F6A810C2F2000019
:10E3F00000EB411100204871FFE7FFE79DF80300A3
:10E4000001308DF80300D9E702B07047000000002A
:10E4100080B582B040F6A810C2F200000190402101
:10E42000F1F7BEFF019940F2F830C2F20000086037
:10E430000120087140F29842C2F200020A6281F89B
:10E44000240002B080BD000080B586B00590049124
:10E45000039200208DF80B00FFE79DF80B000128C8
:10E460004ED8FFE79DF80B00410140F6A810C2F21C
:10E4700000004058059988423BD1FFE704989DF879
:10E480000B2040F6A811C2F2000101EB42110979FC
:10E4900001F5247188422CD1FFE79DF80B1040F65E
:10E4A000A810C2F20000009000EB41120399096825
:10E4B00011619DF80B1000EB411203994968D1607E
:10E4C0009DF80B1000EB4111012001904871F9F704
:10E4D000FBFA009A014601989DF80B3002EB4312BB
:10E4E00091609DF80B10002908BF022001F0E4FAAA
:10E4F00006E0FFE79DF80B0001308DF80B00ACE75C
:10E5000006B080BD0000000080B582B000208DF80C
:10E510000700FFE79DF8070001280BD8FFE79DF8EB
:10E52000070000F009F8FFE79DF8070001308DF8BB
:10E530000700EFE702B080BD80B586B08DF8160009
:10E540009DF81600022804D3FFE701208DF817007C
:10E550003DE00020049003909DF8161040F6A810AE
:10E56000C2F20000029000EB4111097F8DF80C10FF
:10E570009DF8161000EB411109798DF80D109DF8EA
:10E58000161000EB41108069CDF80E0041F22D22EB
:10E59000C2F200021078411C11708DF8120003A81D
:10E5A0000190072105F028FC019A014602988DF898
:10E5B00013109DF8163000EB43115B01C058097928
:10E5C00001F50471F2F7D4FF8DF81700FFE79DF80D
:10E5D000170006B080BD000082B08DF807008DF8EE
:10E5E00006108DED000A9DF80700022801D3FFE711
:10E5F00011E09DF806009DF8072040F6A811C2F230
:10E60000000101EB4212107700989DF8072001EB02
:10E6100042118861FFE702B070470000000000006F
:10E6200080B586B00590059808B9FFE757E000204F
:10E630008DF81300FFE79DF8130001284FD8FFE77E
:10E6400005989DF8131000EB8100D0F808010390A5
:10E6500000208DF80B00FFE79DF80B00052829D856
:10E66000FFE705989DF80B1000EB810090ED3C1A38
:10E6700090ED450A30EE410A8DED010A05989DF8AE
:10E68000131001EB410100EBC1009DF80B1000EBF2
:10E69000810090ED301A9DED012A9DED030AA1EE57
:10E6A000420A8DED030AFFE79DF80B0001308DF85B
:10E6B0000B00D1E79DED030A0598D0ED440A05F063
:10E6C0001FFC05989DF8131000EB810080ED4B0AAC
:10E6D000FFE79DF8130001308DF81300ABE706B09B
:10E6E00080BD000000000000B0B586B00590059820
:10E6F00008B9FFE790E005984FF49C71F1F750FEE0
:10E70000059849F29C51C0F601019022F1F72FFEC5
:10E710000599019149F22C64C0F601040294206825
:10E720006268A368D4F80CC0D4F810E06569C1F839
:10E73000A450C1F8A0E0C1F89CC0C1F89830C1F85D
:10E740009420C1F89000A069E269236AD4F824C03B
:10E75000D4F828E0E46AC1F8BC40C1F8B8E0C1F8D8
:10E76000B4C0C1F8B030C1F8AC20C1F8A800059918
:10E77000039149F25C64C0F6010404942068626865
:10E78000A368D4F80CC0D4F810E06569C1F8D4507F
:10E79000C1F8D0E0C1F8CCC0C1F8C830C1F8C4207D
:10E7A000C1F8C000A069E269236AD4F824C0D4F893
:10E7B00028E0E46AC1F8EC40C1F8E8E0C1F8E4C040
:10E7C000C1F8E030C1F8DC20C1F8D800059949F261
:10E7D0008C64C0F6010420686268A368D4F80CC099
:10E7E000D4F810E06469C1F80441C1F800E1C1F84F
:10E7F000FCC0C1F8F830C1F8F420C1F8F000059968
:10E800000020C1F80C01C1F8080105990020C4F2EC
:10E810002000C1F81001FFE706B0B0BD0000000005
:10E8200083B002908DF807108DF806208DED000A58
:10E83000029850B1FFE79DF80700052805D8FFE7CB
:10E840009DF80600062801D3FFE70CE00098029926
:10E850009DF8072002EB420201EBC2019DF8062061
:10E8600041F82200FFE703B07047000000000000FD
:10E8700083B002908DF807108DF806208DED000A08
:10E88000029850B1FFE79DF80700052805D8FFE77B
:10E890009DF80600022801D3FFE70CE000980299DA
:10E8A0009DF8072001EBC2019DF8062001EB8201D3
:10E8B000C1F89000FFE703B07047000000000000BF
:10E8C00082B001908DF80310019808B9FFE708E0C5
:10E8D0009DF80300002818BF0120019981F8340138
:10E8E000FFE702B07047000083B002908DF8071078
:10E8F0008DED000A029828B1FFE79DF80700022875
:10E9000001D3FFE708E0009802999DF8072001EB8A
:10E910008201C1F80801FFE703B070470000000062
:10E9200083B002908DF807108DF806208DED000A57
:10E93000029850B1FFE79DF80700012805D8FFE7CE
:10E940009DF80600062801D3FFE70EE00098029923
:10E950009DF8072002EB420201EBC2019DF8062060
:10E9600001EB8201C1F8C000FFE703B0704700006F
:10E9700082B001908DED000A019808B9FFE704E02C
:10E9800000980199C1F81001FFE702B0704700003C
:10E9900010B582B001900091019818B1FFE700987E
:10E9A00008B9FFE716E00199009C20686268A36837
:10E9B000D4F80CC0D4F810E06469C1F82841C1F85B
:10E9C00024E1C1F820C1C1F81C31C1F81821C1F8F7
:10E9D0001401FFE702B010BD10B582B001900091A4
:10E9E000019818B1FFE7009808B9FFE716E0019910
:10E9F000009C20686268A368D4F80CC0D4F810E0CA
:10EA00006469C1F80441C1F800E1C1F8FCC0C1F873
:10EA1000F830C1F8F420C1F8F000FFE702B010BDF3
:10EA200040F6E810C2F2000070470000000000004D
:10EA300080B588B0069000208DF81700069820B9A0
:10EA4000FFE701208DF81F0056E0069840F62421CC
:10EA5000C2F200010491086040F6E810C2F2000022
:10EA60003C21F1F79DFC049800686A4632219160D0
:10EA7000012353600DF117011160D0217522F9F7C0
:10EA800057F928B9FFE79DF81700682804D0FFE779
:10EA900001208DF81F002FE06B20012108F030FDD0
:10EAA000C0B9FFE71920092108F02AFD90B9FFE756
:10EAB0001A20032108F024FD60B9FFE71B2008217C
:10EAC00008F01EFD30B9FFE71C20082108F018FDF2
:10EAD00020B1FFE701208DF81F000DE00A20F7F7B5
:10EAE000B3F940F6E811C2F20001012081F83400C8
:10EAF00000208DF81F00FFE79DF81F0008B080BDC3
:10EB000080B592B08DED100A4EF60A00C3F69C2037
:10EB10000B904BF2FD30C3F68B100A9040F6242088
:10EB2000C2F20000006840B1FFE79DED100AB5EEAB
:10EB3000400AF1EE10FA04DCFFE701208DF84700EF
:10EB400032E140F62420C2F2000000686A461E212D
:10EB500091600E2151600DF132011160D0213B22F4
:10EB60000123F9F7E5F858B1FFE740F6E811C2F2E2
:10EB70000001002081F8340001208DF8470013E1E6
:10EB80000DF13200049004F0A3FF0146049800EE5A
:10EB9000101AB8EEC00A9FED861A8DED031A20EE0A
:10EBA000010A40F6E811C2F20001079181ED000A66
:10EBB000023004F08DFF9DED031A07990246049878
:10EBC00000EE102AB8EEC00A20EE010A81ED010A1B
:10EBD000043004F07DFF9DED031A07990246049866
:10EBE00000EE102AB8EEC00A20EE010A81ED020AFA
:10EBF000063004F06DFF07990246049800EE102AD3
:10EC0000B8EEC00A9FED6B1A80EE010A9FED6A1AFA
:10EC100030EE010A81ED060A083004F059FF079929
:10EC20000246049800EE102AB8EEC00A9FED631A5F
:10EC30008DED051A20EE010A81ED030A0A3004F079
:10EC400047FF9DED051A07990246049800EE102A29
:10EC5000B8EEC00A20EE010A81ED040A0C3004F07F
:10EC600037FF9DED051A0146079800EE101AB8EE21
:10EC7000C00A20EE010A80ED050A90ED010AD0EDF0
:10EC8000020A09F0AFFD07988DED090A90ED002A00
:10EC900090ED011A90ED020AB1EE422A8DED062A9E
:10ECA00020EE000AA1EE010A09F0F2FEF0EE400AA1
:10ECB0009DED060A09F096FD07988DED080AC168DA
:10ECC00081620169C1624169016390ED071A90EDAB
:10ECD0000A0A9DED102AA0EE021A9DED090A9FED89
:10ECE000383A20EE030A9FED372AA1EE020A80EDA2
:10ECF000070A90ED081A90ED0B0A9DED104AA0EE60
:10ED0000041A9DED080A20EE030AA1EE020A80ED26
:10ED1000080A90ED090A90ED0C1A9DED102AA1EE5B
:10ED2000020A80ED090A90ED090A9FED271AB4EE58
:10ED3000410AF1EE10FA0DDDFFE740F6E810C2F2ED
:10ED4000000090ED090A9FED231A30EE010A80EDD4
:10ED5000090A1BE040F6E810C2F2000090ED090A33
:10ED60009FED1A1AB4EE410AF1EE10FA0DDAFFE740
:10ED700040F6E810C2F2000090ED090A9FED141A67
:10ED800030EE010A80ED090AFFE7FFE7F8F79CFE85
:10ED900040F6E811C2F200018863012081F83400D6
:10EDA00000208DF84700FFE79DF8470012B080BDB6
:10EDB0000AE89C3A0000AA43B81E1242FDB38B3900
:10EDC00000D7A33C48E17A3FDB0F4940DB0F49C045
:10EDD000DB0FC940DB0FC9C080B58CB00A900A9820
:10EDE00020B9FFE701208DF82F0099E00A9840F63E
:10EDF0002C21C2F20001086040F62821C2F2000175
:10EE000001200990087040F60000C5F60200089045
:10EE100010210022F8F740FE0898099A2021F8F7FF
:10EE20003BFE0520F7F710F804F096FF50B9FFE716
:10EE300040F62821C2F200010020087001208DF860
:10EE40002F006DE0002006900F2108F079FB0121D2
:10EE50000391084608F074FB03990220049008F01F
:10EE60006FFB0321084608F06BFB04203F2108F0EC
:10EE700067FB052005904C2108F062FB062108463F
:10EE800008F05EFB059A49F2A461C0F60101019108
:10EE90000A2008F0C9FA0199059A1020029008F09A
:10EEA000C3FA1120202108F04BFB06991C2008F022
:10EEB00047FB06991D2008F043FB0720702108F04E
:10EEC0003FFBE22005F0F4F80299039A40F60000B7
:10EED000C5F60200F8F7E0FD0498F6F7B5FF0598CF
:10EEE00006F066FE014606984C29079009D1FFE717
:10EEF000112006F05DFE2038B0FA80F0400907903E
:10EF0000FFE7079800F0010140F62820C2F2000058
:10EF100001700078B0FA80F040098DF82F00FFE70B
:10EF20009DF82F000CB080BD80B584B0029040F6F3
:10EF30002820C2F20000007818B1FFE7029820B93B
:10EF4000FFE700208DF80F0021E0072006F030FEDB
:10EF50008DF807009DF80700400600280AD4FFE757
:10EF6000172006F025FEC00720B1FFE700208DF82E
:10EF70000F000CE002996120202206F0E9FD072035
:10EF8000402108F0DDFA01208DF80F00FFE79DF821
:10EF90000F0004B080BD000080B588B006908DEDF4
:10EFA000050ACDED040A8DED031A002000900698A5
:10EFB00040B1FFE79DED030AB5EE400AF1EE10FA0D
:10EFC00003DCFFE7002007906CE005980699486194
:10EFD0000498069988619DED050A9DED041A30EEAE
:10EFE000410A069880ED070A06989DED032A90EDE8
:10EFF000071A90ED090AA1EE020A80ED090A0698A7
:10F00000D0ED030A90ED090A05F046FA069880ED66
:10F01000090A069890ED000A90ED071A20EE010A01
:10F020008DED020A069890ED010A90ED091A20EE86
:10F03000010A8DED010A9DED030A05F011FA9FED1D
:10F040001B1AB4EE410AF1EE10FA12DDFFE7069842
:10F0500090ED020A90ED071A90ED082A31EE421A5F
:10F0600020EE010A9DED031A80EE010A8DED000AE3
:10F07000FFE79DED020A9DED011A30EE010A9DEDBC
:10F08000001A30EE010A0698D0ED040A05F004FAE1
:10F09000069880ED0A0A0699C86908620698806A8F
:10F0A0000790FFE79DED070A08B080BDBD378635A4
:10F0B00080B582B001900091019818B1FFE70098E7
:10F0C00008B9FFE717E00199DDF800E0DEF800007D
:10F0D000DEF80420DEF80830DEF80CC0DEF810E0C0
:10F0E000C1F810E0C1F80CC08B604A60086001985C
:10F0F00000F006F8FFE702B080BD0000000000004D
:10F1000081B00090009808B9FFE70DE00099002059
:10F110004861009988610099C86100990862009966
:10F12000486200998862FFE701B070470000000064
:10F1300080B582B001900091019818B1FFE7009866
:10F1400008B9FFE714E00199DDF800E0DEF80000FF
:10F15000DEF80420DEF80830DEF80CC0DEF810E03F
:10F16000C1F810E0C1F80CC08B604A600860FFE78E
:10F1700002B080BD0000000080B58AB00020ADF86C
:10F180000600F8F7A1FC0090EFF3108072B609902A
:10F1900040F6D230C2F200000078D0B1FFE740F66E
:10F1A000D030C2F200000088ADF80600BDF806209D
:10F1B00040F23000C2F2000040F64021C2F20001ED
:10F1C000F1F7D5F840F6D231C2F200010020087004
:10F1D000FFE762B6BDF80600E8B1FFE7BDF806102C
:10F1E00040F23000C2F2000002AA00F019FD50B156
:10F1F000FFE702A803F020FB49F2DF70C0F6010030
:10F2000001F0FAF906E049F6FB00C0F6010001F052
:10F21000F3F9FFE7FFE7009805F0DAFB009800F04C
:10F220007FFA009804F0D8FAFEF766FA807A80B187
:10F23000FFE700F045FB48B9FFE740F20C01C2F2DE
:10F2400000014FF4006008804880FFE7FEF74CFAA9
:10F25000FFE70AB080BD000080B582B0F8F734FC4B
:10F260000190019800F074FC04F052F830B1FFE70F
:10F2700001989FED0B0A03F0EFFE0CE040F27430B2
:10F28000C2F20000007828B9FFE79FED050AFEF7FB
:10F2900093FDFFE7FFE70198FFF78AF802B080BD12
:10F2A0006F12833A0000000080B5A6B049F2984C76
:10F2B000C0F6010CDCF80000DCF80410DCF80820D3
:10F2C000DCF80C30DCF810C0CDF890C0239322920B
:10F2D0002191209049F2AC4CC0F6010CDCF8000002
:10F2E000DCF80410DCF80820DCF80C30DCF810C086
:10F2F000CDF87CC01E931D921C911B9000F090FBDA
:10F30000FFF786F8FEF708FA40F2C810C2F20000D4
:10F3100020A9FFF7CDFE40F2F810C2F200001BA9B1
:10F32000FFF7C6FE04F09CF840F2F460C2F2000061
:10F3300040F26061C2F2000100F0B6F9F2F7E0F8C5
:10F34000F2F7F6F8F2F7E0FE40F23850C2F20000B1
:10F35000FFF76EFB8DF8970040F28C50C2F2000070
:10F36000FFF73AFD8DF8960049F6DB10C0F6010074
:10F3700001F042F949F2CA60C0F6010001F03CF91F
:10F3800049F65910C0F6010001F036F949F6A3100C
:10F39000C0F6010001F030F949F6F710C0F601009F
:10F3A00001F02AF99DF897309DF8960069460860AB
:10F3B00049F63422C0F6010203A80290602109F048
:10F3C000E3F9029801F018F949F68B00C0F6010044
:10F3D00001F012F949F2E970C0F6010001F00CF9F0
:10F3E00026B080BD0000000080B592B0FEF784F921
:10F3F0000990FEF789F908900020FEF7C1FF0790F9
:10F400000120FEF7BDFF0690F8F75EFB04909FED2C
:10F410003C0AFFF775FBB8B9FFE7FFF701FB059062
:10F42000059890ED080AD0ED0B0AFEF78DFB40F22F
:10F430002820C2F200000078022804D1FFE70598D6
:10F4400006F06EFDFFE7FFE700200390119010909B
:10F450000F900E900D900C900B900A90079830B181
:10F46000FFE7079890ED040A8DED020A04E09FED96
:10F47000250A8DED020AFFE79DED020A8DED0A0ACD
:10F48000069830B1FFE7069890ED040A8DED010A69
:10F4900004E09FED1C0A8DED010AFFE79DED010AD6
:10F4A0008DED0B0A089800680C90089840680D9044
:10F4B000099800680E90099840680F9040F20C007F
:10F4C000C2F20000018800EE101AB8EE400A8DED7D
:10F4D000100A408800EE100AB8EE400A8DED110ABD
:10F4E00041F22C20C2F20000007820B1FFE70AA808
:10F4F00001F03AF8FFE7049800F02AFB12B080BD53
:10F500000BD7233C0000000080B592B08DF8460078
:10F5100010919DF8460004F00FFB0F900F9818B162
:10F52000FFE7109820B9FFE701208DF847005CE065
:10F530001098002304930361C360836043600360F9
:10F5400040F62D00C2F200000590C3618361436163
:10F550000361C36083604360036040F62C00C2F225
:10F56000000003700F9800680068C0691099486037
:10F570000F9869464B600B6001211A4606F034FF74
:10F580008DF81B009DF81B00109908709DF81B005A
:10F5900058B1FFE70F9800680068C069109988604B
:10F5A0009DF81B008DF847001FE00F98109A02F19C
:10F5B000080102F10C036A465360116007A9039128
:10F5C0002022232304F0D4FC01460398109A1174DE
:10F5D0001099097C06F084FC1098017C0320002916
:10F5E00018BF00208DF84700FFE79DF8470012B0D4
:10F5F00080BD00000000000080B584B002908DF84E
:10F600000710029850B1FFE79DF8070040F62C0163
:10F61000C2F200010978884204DAFFE700208DF881
:10F620000F0011E0029840F62C01C2F20001009197
:10F630000A7840F62D01C2F20001F0F798FE00981A
:10F6400000788DF80F00FFE79DF80F0004B080BD33
:10F6500080B584B002908DF80710029850B1FFE792
:10F660009DF8070040F64D01C2F20001097888427A
:10F6700004DAFFE700208DF80F0011E0029840F651
:10F680004D01C2F2000100910A7840F64E01C2F22B
:10F690000001F0F76CFE009800788DF80F00FFE78E
:10F6A0009DF80F0004B080BD82B00190009140F23F
:10F6B0003C22C2F200020020D061906150611061D2
:10F6C000D06090605060106001991160012111714B
:10F6D00050719171009B13611175032353759175DE
:10F6E00040F64D01C2F20001087040F62C01C2F252
:10F6F0000001087002B0704780B584B08DF80F002B
:10F700009DF80F0004F018FA029002986A46012151
:10F710005160002313601A4606F066FE04B080BDF7
:10F7200081B0009001B0704780B590B08DF83E0078
:10F730000E919DF83E0004F0FFF90D9040F6380060
:10F74000ADF832000D9818B1FFE70E9820B9FFE729
:10F7500001208DF83F0060E00E98002181818160DA
:10F76000416001600D986A46516011600DF13202EE
:10F770000223194606F038FE20B1FFE701208DF87C
:10F780003F004AE00D9801790E9A531C082206F0BA
:10F790002BFA20B1FFE703208DF83F003DE00DF18B
:10F7A00012002021FFF728FF8DF811009DF81100AD
:10F7B0000E2804D0FFE701208DF83F002DE09DF8D2
:10F7C00014000E9908709DF816000E9948700DF1FE
:10F7D00012000390053004F0B7FD014603980E9A1D
:10F7E0005180073004F0B0FD014603980E9A9180D5
:10F7F000093004F0A9FD0E99C8809DF81D000E99EE
:10F8000008729DF81E000E9948720E9840780028E4
:10F8100018BF01208DF83F00FFE79DF83F0010B0B2
:10F8200080BD00000000000080B584B00290002080
:10F830008DF80700FFE79DF80700012837D8FFE79C
:10F840009DF80700010140F23C20C2F20000405840
:10F8500060B1FFE79DF80700010140F23C20C2F2D1
:10F8600000004058FCF718FC20B1FFE701208DF89C
:10F870000F0020E002999DF80700020140F23C20B1
:10F88000C2F20000825851609DF8071009014058EB
:10F89000FCF7C6FF20B1FFE701208DF80F000AE05A
:10F8A000FFE79DF8070001308DF80700C3E700204F
:10F8B0008DF80F00FFE79DF80F0004B080BD000039
:10F8C00080B54FF400614FF49672084600F058F886
:10F8D00080BD00000000000080B586B08DF81600E5
:10F8E0008DF815109DF81600FE2833D1FFE79DF81E
:10F8F0001520002A18BF012240F23C20C2F200006D
:10F900000290282100910123019307F035FE009910
:10F91000019B024602988DF814209DF81520002ABC
:10F9200018BF0122103007F027FE8DF813009DF854
:10F9300014100020039039B9FFE79DF81300B0FAC6
:10F9400080F040090390FFE70399012088438DF878
:10F9500017000FE09DF8160004F0EEF89DF8152052
:10F96000002A18BF01222821012307F005FE8DF887
:10F970001700FFE79DF8170006B080BD00000000EB
:10F9800080B586B0ADF81600ADF81410ADF81220B1
:10F99000BDF81610BDF8123040F23C20C2F2000053
:10F9A00001900022029207F06FFD029A0146019831
:10F9B0008DF81110BDF81410BDF81230103007F09A
:10F9C00063FD014602988DF810109DF81110039008
:10F9D00039B9FFE79DF81000B0FA80F040090390B4
:10F9E000FFE703990120884306B080BD00000000B6
:10F9F00080B582B08DF80700ADF80410ADF8022094
:10FA0000ADF800309DF8070004F096F8BDF804103A
:10FA1000BDF80220BDF8003007F036FD02B080BD11
:10FA200080B582B000208DF80700FFE79DF8070041
:10FA3000032827DCFFE79DF8072049F27C50C0F639
:10FA4000010000EBC20150F83200898800220092C8
:10FA5000F8F722F800989DF8072040F63021C2F20E
:10FA6000000141F822009DF8072040F61C01C2F277
:10FA7000000141F82200FFE79DF8070001308DF8F2
:10FA80000700D3E7F8F720F840F2F031C2F20001A6
:10FA9000086040F2F430C2F20000002101700278E8
:10FAA00040F60040C5F602002021F7F7F5FF02B04E
:10FAB00080BD00000000000080B582B08DF8070016
:10FAC000F8F702F800909DF80700042801DBFFE733
:10FAD00039E09DF8071040F61C00C2F2000050F813
:10FAE000210070B1FFE700989DF8072040F61C0147
:10FAF000C2F2000151F82210401A4F2801D8FFE746
:10FB000021E000989DF8072040F61C01C2F2000198
:10FB100041F82200009819309DF8072040F6302166
:10FB2000C2F2000141F822009DF8072049F27C5002
:10FB3000C0F6010000EBC20150F8320089880122B2
:10FB4000F7F7AAFFFFE702B080BD00000000000049
:10FB500080B582B0019000208DF80300FFE79DF88A
:10FB60000300032835DCFFE79DF8031040F6302042
:10FB7000C2F2000050F8210020B3FFE701989DF881
:10FB8000032040F63021C2F2000151F82210401A41
:10FB9000002817D4FFE79DF8031040F63020C2F28A
:10FBA0000000002240F821209DF8033049F27C50EB
:10FBB000C0F6010000EBC30150F833008988F7F765
:10FBC0006BFFFFE7FFE79DF8030001308DF80300AE
:10FBD000C5E7019840F2F031C2F200010968401A0D
:10FBE000B0F5FA7F18D3FFE7019840F2F031C2F286
:10FBF0000001086040F2F430C2F200000178B1FA6E
:10FC000081F149090170027840F60040C5F6020012
:10FC10002021F7F741FFFFE702B080BD00000000A0
:10FC200080B5FAB07890ADF8DE117692789818B178
:10FC3000FFE7769828B9FFE700208DF8E70100F08C
:10FC40008EBC76990020886148610861C860886030
:10FC5000486008607898BDF8DE1103F045FFADF804
:10FC60003800BDF8380030B1FFE7BDF83800B0F516
:10FC7000C87F05D9FFE700208DF8E70100F06FBCD1
:10FC80007899BDF838200DF147000590F0F76FFB2B
:10FC90000598BDF838200021815449F6BD71C0F6A1
:10FCA00001010BAA0AABF0F7B7FB02280DD0FFE762
:10FCB0004AF20101C0F601010DF147000BAA0AAB9F
:10FCC000F0F7AAFB02280DD1FFE776990120087012
:10FCD0000B99769A51600A99769A91608DF8E701AE
:10FCE00000F03DBC49F6D871C0F601010DF14700A6
:10FCF0000BAA0AABF0F790FB02280ED1FFE776992A
:10FD0000062008700B98769948600A987699886062
:10FD100001208DF8E70100F022BC49F65361C0F6DE
:10FD200001010DF147000CAAF0F776FB012812D172
:10FD3000FFE70C990320002918BF0220769908706C
:10FD40000C98002818BF01207699887001208DF842
:10FD5000E70100F004BC49F60751C0F601010DF1BE
:10FD600047000522F0F749FB38B9FFE776990420F0
:10FD7000087001208DF8E701F1E349F65C51C0F607
:10FD800001010DF147000522F0F737FB38B9FFE715
:10FD900076990520087001208DF8E701DFE34AF22B
:10FDA0002701C0F601010DF147000422F0F725FB01
:10FDB00038B9FFE776990320087001208DF8E70134
:10FDC000CDE349F6AE61C0F601010DF147000CAA82
:10FDD000F0F722FB01280CD0FFE749F67561C0F669
:10FDE00001010DF147000CAAF0F716FB01280DD117
:10FDF000FFE776991A2008700C98002818BF012098
:10FE00007699887001208DF8E701A8E34AF25D0138
:10FE1000C0F601010DF147000822F0F7EEFA38B9FB
:10FE2000FFE776991B20087001208DF8E70196E323
:10FE300049F65D61C0F601010DF147000CAAF0F72B
:10FE4000EBFA01280DD1FFE776991D2008700C9878
:10FE5000002818BF01207699887001208DF8E701ED
:10FE60007DE349F6A461C0F601010DF147000DAA3A
:10FE7000F0F7D2FA01280AD1FFE776991E20087020
:10FE80000D987699487001208DF8E70167E349F6EF
:10FE90006961C0F601010DF147000DAAF0F7BCFA47
:10FEA00001280CD0FFE749F66D61C0F601010DF1A4
:10FEB00047000DAAF0F7B0FA01280FD1FFE77699B5
:10FEC0001F2008700D987699487076990020C870A8
:10FED0007699486001208DF8E70140E349F64161D9
:10FEE000C0F601010DF147000DAAF0F795FA0128BF
:10FEF0000CD0FFE749F65361C0F601010DF1470050
:10FF00000DAAF0F789FA012810D1FFE776991F2092
:10FF100008700D987699487076990220C870769985
:10FF20000020486001208DF8E70118E349F6E861F8
:10FF3000C0F601010DF147000DAA0BABF0F76CFA0A
:10FF400002280DD0FFE749F6EC61C0F601010DF182
:10FF500047000DAA0BABF0F75FFA022810D1FFE7BC
:10FF600076991F2008700D9876994870769902202E
:10FF7000C8700B987699486001208DF8E701EEE291
:10FF800049F62971C0F601010DF147000DAA0BAB2E
:10FF9000F0F742FA02281AD0FFE749F61671C0F6C8
:10FFA00001010DF147000DAA0BABF0F735FA02285D
:10FFB0000DD0FFE749F61A71C0F601010DF14700B7
:10FFC0000DAA0BABF0F728FA022810D1FFE77699BB
:10FFD0001F2008700D987699487076990320C87094
:10FFE0000B987699486001208DF8E701B7E249F651
:10FFF000F861C0F601010DF147000DAA0BABF0F757
:020000040801F1
:100000000BFA02280DD0FFE749F6FC61C0F60101AA
:100010000DF147000DAA0BABF0F7FEF902280FD146
:10002000FFE776991F2008700D98769948707699A9
:100030000120C8700B99769A51608DF8E7018EE225
:100040004AF26601C0F601010DF147000B22F0F7FC
:10005000D4F938B9FFE776992020087001208DF88F
:10006000E7017CE249F69561C0F601010DF1470018
:100070000DAAF0F7D1F901280AD1FFE776991C20E3
:1000800008700D987699487001208DF8E70166E2B6
:10009000694609A848600AA8086049F64571C0F693
:1000A00001010DF147000DAA0BABF0F7B5F90428DB
:1000B00013D1FFE77699072008700D98769948705C
:1000C0000B98769948600A9876998860099876998D
:1000D000C86001208DF8E70141E2694609A848603F
:1000E0000AA8086049F65B71C0F601010DF14700EE
:1000F0000DAA0BABF0F790F9042813D1FFE776991E
:10010000082008700D98769948700B987699486089
:100110000A987699886009987699C86001208DF8C8
:10012000E7011CE249F64F61C0F601010DF14700FD
:100130000CAAF0F771F901280DD1FFE77699092093
:1001400008700C98002818BF01207699887001204B
:100150008DF8E70103E269460BA8086049F6D9610A
:10016000C0F601010DF147000DAA0CABF0F754F9F0
:10017000032810D1FFE776990A2008700D98769928
:1001800048700C98769988700B9876994860012091
:100190008DF8E701E3E169460BA8086049F6BB6109
:1001A000C0F601010DF147000DAA0CABF0F734F9D0
:1001B000032810D1FFE776990B2008700D987699E7
:1001C00048700C98769988700B9876994860012051
:1001D0008DF8E701C3E169460BA8086049F6CA61DA
:1001E000C0F601010DF147000DAA0CABF0F714F9B0
:1001F000032810D1FFE776990C2008700D987699A6
:1002000048700C98769988700B9876994860012010
:100210008DF8E701A3E1694606A8C86007A88860D1
:1002200008A8486009A8086049F68471C0F6010171
:100230000DF147000BAA0AABF0F7EEF8062819D12A
:10024000FFE776990D2008700B98769948600A9818
:100250007699886009987699C860089876990861B7
:1002600007987699486106987699886101208DF8FB
:10027000E70174E1694606A8C86007A8886008A875
:10028000486009A8086049F6A071C0F601010DF1A7
:1002900047000BAA0AABF0F7BFF8062819D1FFE711
:1002A00076990E2008700B98769948600A9876998E
:1002B000886009987699C8600898769908610798C7
:1002C0007699486106987699886101208DF8E70152
:1002D00045E149F60971C0F601010DF147000DAA8B
:1002E0000BABF0F799F802280DD1FFE776990F20B4
:1002F00008700D98769948700B987699486001209F
:100300008DF8E7012BE149F6F471C0F601010DF11A
:1003100047000BAAF0F780F801280AD1FFE7769989
:10032000102008700B987699486001208DF8E7013D
:1003300015E149F6E271C0F601010DF147000DF13A
:100340003B020BABF0F768F8022812D1FFE7769872
:10035000411C0DF13B0004F083FA50B1FFE77699A0
:10036000112008700B987699486001208DF8E701FC
:10037000F5E04AF24D01C0F601010DF147000DF123
:100380003B02F0F749F801280FD1FFE77698411CAE
:100390000DF13B0004F064FA38B1FFE776991220C2
:1003A000087001208DF8E701D9E049F68061C0F6B8
:1003B00001010DF147000DF13B020CABF0F72CF8F9
:1003C000022815D1FFE77698411C0DF13B0004F09F
:1003D00047FA68B1FFE77699132008700C98002857
:1003E00018BF01207699887001208DF8E701B6E0EA
:1003F0004AF22C01C0F601010DF147000DF13B025C
:10040000F0F70AF801280FD1FFE77698411C0DF1AB
:100410003B0004F025FA38B1FFE776991420087004
:1004200001208DF8E7019AE049F63771C0F6010125
:100430000DF147000BAAEFF7EFFF01280AD1FFE704
:100440007699152008700B987699486001208DF8F0
:10045000E70184E04AF23C01C0F601010DF14700DA
:100460000DF13B02EFF7D8FF01280FD1FFE7769897
:10047000411C0DF13B0004F0F3F938B1FFE7769928
:100480001620087001208DF8E70168E049F6C77171
:10049000C0F601010DF147000BAA0AABEFF7BCFF54
:1004A00002280DD1FFE77699172008700B987699EE
:1004B00048600A987699886001208DF8E7014EE03F
:1004C0004AF20D01C0F601010DF147000A22EFF7D3
:1004D00094FF38B9FFE776991820087001208DF84D
:1004E000E7013CE04AF21801C0F601010DF14700B6
:1004F0000E22EFF782FF38B9FFE7769919200870CE
:1005000001208DF8E7012AE0694608A8886009A85B
:1005100048600AA8086049F66F71C0F601010DF144
:1005200047000DAA0BABEFF777FF052813D1FFE7C4
:100530007699072008700D98769948700A987699F0
:10054000486009987699886008987699C860012073
:100550008DF8E70103E000208DF8E701FFE79DF843
:10056000E7017AB080BD000080B596B015900020FC
:10057000ADF80E00159808B9FFE738E01598006847
:100580000490159840680590159880680690159815
:10059000C0680790159800690890159840690990FF
:1005A000159880690A901598C0690B900CA8029064
:1005B00004A920220192EFF7DAFE01990298ADF822
:1005C0000E10BDF80E2000218154BDF80E2002440B
:1005D0005170BDF80E100A1880219170BDF80E10F0
:1005E0000A187F21D170242106F092FEFFE716B091
:1005F00080BD00000000000080B582B0019001982D
:1006000008B9FFE709E001980090EFF7D4FE014632
:10061000009889B206F07CFEFFE702B080BD0000C2
:10062000FFE7FEE70000000088B007900691059202
:10063000079800F0070004900498C0F1070005280F
:1006400003D3FFE70420019004E00498C0F1070001
:100650000190FFE70198039004980430062803D81E
:10066000FFE70020009003E0049803380090FFE7C4
:100670000098029006980399012202FA01F10139CB
:100680000840029B984005999A40013A114008435E
:1006900008B07047000000000000000000000000EB
:1006A000EFF30980BFF36F8F154B1A681EF0100F20
:1006B00008BF20ED108A20E9F04F10602DE90900F5
:1006C0004FF0500080F31188BFF34F8FBFF36F8F4F
:1006D00006F0BAFD4FF0000080F31188BDE8090074
:1006E00019680868B0E8F04F1EF0100F08BFB0ECB2
:1006F000108A80F30988BFF36F8F704700BF00BF77
:10070000200D00200000000080B5B0B002A80190CC
:10071000B821EFF745FE0198002103914FF4004204
:10072000029218220492C822059204220692022202
:1007300007920892099120220A920B914FF0805162
:100740001D91F8F7E1F918B1FFE7F1F7F9FDFFE7BF
:1007500030B080BD0000000080B586B004900391E9
:1007600000208DF8070044F22840C5F6020000681A
:1007700000F00300032804D1FFE701208DF81700E3
:10078000CBE044F20041C5F60201086820F0806029
:100790000860F7F799F90290FFE744F20040C5F6C8
:1007A0000200006800F000610020B0EBD16F0CD0B7
:1007B000FFE7F7F789F90299401A032804D3FFE706
:1007C00003208DF81700A8E0E7E7FFE744F228418F
:1007D000C5F60201086820F47C30049A126840EAE9
:1007E0000230086004994868D1F808C0CB680A69EB
:1007F00001386FF35F204FF60061CFF6FF7101EB18
:100800004C2189B208440021CFF6FF7101EB03416E
:1008100001F4FE0108444FF07F4101EB026101F059
:10082000FE41084444F23841C5F602010860FFE782
:1008300044F22C41C5F602010091086820F0C00086
:10084000049A526910430860086820F02000049A56
:10085000926910430860086820F01000086044F2B4
:100860003C42C5F6020210684FF6F8739843049BA9
:10087000DB6940EAC3001060086840F010000860BF
:10088000039848B9FFE744F22C41C5F60201086815
:1008900040F40020086016E00398012809D1FFE722
:1008A00044F22C41C5F60201086840F4801008604B
:1008B00008E044F22C41C5F60201086840F400103B
:1008C0000860FFE7FFE744F20041C5F6020108684F
:1008D00040F080600860F7F7F7F80290FFE744F215
:1008E0000040C5F60200006800F000610020B0EB97
:1008F000D16F0CD1FFE7F7F7E7F80299401A032808
:1009000004D3FFE703208DF8170006E0E7E7FFE7D1
:100910009DF807008DF81700FFE79DF8170006B057
:1009200080BD00000000000080B586B004900391F7
:1009300000208DF8070044F22840C5F60200006848
:1009400000F00300032804D1FFE701208DF8170011
:10095000CBE044F20041C5F60201086820F0805067
:100960000860F7F7B1F80290FFE744F20040C5F6DF
:100970000200006800F000510020B0EB517F0CD065
:10098000FFE7F7F7A1F80299401A032804D3FFE71D
:1009900003208DF81700A8E0E7E7FFE744F22841BD
:1009A000C5F60201086820F07C70049A126840EADB
:1009B0000250086004994868D1F808C0CB680A69F9
:1009C00001386FF35F204FF60061CFF6FF7101EB46
:1009D0004C2189B208440021CFF6FF7101EB03419D
:1009E00001F4FE0108444FF07F4101EB026101F088
:1009F000FE41084444F24041C5F602010860FFE7A9
:100A000044F22C41C5F602010091086820F44060D0
:100A1000049A526910430860086820F40070049A30
:100A2000926910430860086820F48070086044F2FE
:100A30004442C5F6020210684FF6F8739843049BCF
:100A4000DB6940EAC3001060086840F48070086009
:100A5000039848B9FFE744F22C41C5F60201086843
:100A600040F48000086016E00398012809D1FFE7F0
:100A700044F22C41C5F60201086840F40000086009
:100A800008E044F22C41C5F60201086840F080708D
:100A90000860FFE7FFE744F20041C5F6020108687D
:100AA00040F080500860F7F70FF80290FFE744F23B
:100AB0000040C5F60200006800F000510020B0EBD5
:100AC000517F0CD1FFE7F6F7FFFF0299401A032888
:100AD00004D3FFE703208DF8170006E0E7E7FFE700
:100AE0009DF807008DF81700FFE79DF8170006B086
:100AF00080BD00000000000082B0019001980068F5
:100B00004069009001980168886940F00800886198
:100B100001980168886940F01000886101980168B7
:100B2000086820F00100086001980168086940F237
:100B30006F329043086101980168886820F4404052
:100B40008860019890F88100042815D0FFE79DF88F
:100B50000000800600280ED5FFE70199D1F8840037
:100B600040F08000C1F8840001980168886940F075
:100B700020008861FFE7FFE7019890F881000328D3
:100B800015D0FFE79DF80000400600280ED5FFE7CE
:100B90000199D1F8840040F00400C1F88400019864
:100BA0000168886940F040008861FFE7FFE79DF831
:100BB0000100800700280ED5FFE70199D1F88400D5
:100BC00040F00100C1F8840001980168886940F490
:100BD00000708861FFE79DF80100C00770B1FFE772
:100BE0000199D1F8840040F00800C1F88400019810
:100BF0000168886940F480708861FFE701990020EE
:100C0000A1F862000199A1F86A0002B070470000E3
:100C100083B002900298C16B012000EB511001904B
:100C20000298C0680130009000980730C00800901A
:100C300000980199484303B070470000000000008D
:100C400080B586B0DDF820C0049003918DF80B20AC
:100C50000193FFE704980068406903990840401A2F
:100C6000B0FA80F040099DF80B10884214D1FFE7DC
:100C7000F6F72AFF0899401A0199884204D3FFE742
:100C80000198013018B9FFE7019820B9FFE7032068
:100C90008DF8170004E0DDE700208DF81700FFE76E
:100CA0009DF8170006B080BD0000000000000000A5
:100CB000074B19680868B0E8F04F80F30988BFF364
:100CC0006F8F4FF0000080F31188704700BF00BFA6
:100CD000200D00200000000080B56FF0040000210E
:100CE00001F07AFC80BD000080B582B00190FFE782
:100CF000FEF742FA142003F057FCF9E70000000069
:100D000080B584B0039003F097FC0290002001901E
:100D10000090FFE740F27031C2F200010868013034
:100D20000860FEF799FA0098013000900098642856
:100D300005D3FFE70020009005F026F9FFE70198B2
:100D4000013001900198022818D3FFE7002001909C
:100D500040F25C30C2F20000007818B1FFE7FDF706
:100D6000D3FB0AE040F27430C2F20000007818B100
:100D7000FFE7FDF7C9FBFFE7FFE7FFE70298013058
:100D80000290029803F02CFCC4E700000000000071
:100D900080B582B00190FFE7FEF726FB0A2003F042
:100DA00003FCF9E70000000080B54EF21000CEF21F
:100DB0000000006807F084F9012803D0FFE706F07F
:100DC000A7FCFFE780BD000080B59EB00BA84C21BA
:100DD000EFF7E6FA002001900A900990089007903A
:100DE00006900590049003900220F7F78DFBFFE733
:100DF0000020029044F61800C5F60200016821F4B4
:100E000040410160006800F4404002900298FFE712
:100E1000FFE744F61800C5F60200006800F4005031
:100E2000B0F5005F01D0FFE7F3E709200B904FF426
:100E300080300C9001211091022014901590169092
:100E4000282217921891062119911A900C201B90B4
:100E500000201C901D900BA8F9F7B2FA18B1FFE71B
:100E6000F1F76EFAFFE73F20039003210491002081
:100E70000590082006904020079008904FF480626B
:100E800009920A9003A8F8F737FE18B1FFE7F1F7C7
:100E900057FAFFE71EB080BD4EF68851CEF2000132
:100EA000086840F47000086042F20000C5F20020BB
:100EB000006800F00F0006280AD8FFE742F20001A0
:100EC000C5F200210868072262F303000860FFE70B
:100ED00044F20041C5F60201086840F001000860D4
:100EE00044F21042C5F602020020106008684EF677
:100EF0007F52CEF6F6221040086042F20000C5F2A2
:100F00000020006800F00F0008280AD3FFE742F233
:100F10000001C5F200210868072262F3030008609F
:100F2000FFE744F21841C5F602010020086044F2D0
:100F30001C41C5F60201086044F22041C5F60201D9
:100F4000086044F22842C5F6020240F20021C0F2D5
:100F50000221116044F22C42C5F602020021C0F2C7
:100F6000FF11116044F23042C5F6020240F28021C6
:100F7000C0F20111116044F23442C5F60202106061
:100F800044F23842C5F60202116044F23C42C5F612
:100F90000202106044F24042C5F60202116044F2BF
:100FA0004441C5F60201086044F20042C5F602025F
:100FB000116821F48021116044F26041C5F60201FC
:100FC000086044F2D440C5F602000068C00400285E
:100FD00014D4FFE744F2D441C5F60201086840F496
:100FE0008050086044F20002C5F2002243F2D200B1
:100FF0001060086820F480500860FFE77047000028
:1010000080B540F21460C2F20000FAF70DFD80BD19
:1010100083B002900191029800680090029800212C
:10102000C4F20101884225D0FFE70298B0F1804F59
:1010300020D0FFE7029840F20041C4F2000188424C
:1010400018D0FFE7029840F60001C4F20001884280
:1010500010D0FFE7029840F60041C4F20001884238
:1010600008D0FFE7029840F20041C4F20101884233
:101070000AD1FFE7009820F07000009001984168C5
:10108000009808430090FFE702980021C4F2010194
:1010900088424DD0FFE70298B0F1804F48D0FFE77B
:1010A000029840F20041C4F20001884240D0FFE7BC
:1010B000029840F60001C4F20001884238D0FFE7F0
:1010C000029840F60041C4F20001884230D0FFE7A8
:1010D000029840F20041C4F20101884228D0FFE7A3
:1010E000029844F20001C4F20101884220D0FFE7D7
:1010F000029844F20041C4F20101884218D0FFE78F
:10110000029844F60001C4F20101884210D0FFE7C2
:1011100002984EF20001C4F20001884208D0FFE7B5
:1011200002984EF20041C4F2000188420AD1FFE762
:10113000009820F4407000900198C168009808431E
:101140000090FFE7009820F080000199496908436A
:101150000090019880680299C8620198006802991D
:10116000886202980021C4F20101884220D0FFE782
:10117000029840F20041C4F20101884218D0FFE712
:10118000029844F20001C4F20101884210D0FFE746
:10119000029844F20041C4F20101884208D0FFE7FE
:1011A000029844F60001C4F20101884205D1FFE72C
:1011B0000198006902990863FFE70299086840F006
:1011C00004000860029901204861009802990860B3
:1011D00003B070470000000080B540F28870C2F292
:1011E0000000FAF79DFF80BD80B582B00190ADF898
:1011F0000210019820B1FFE7BDF8020008B9FFE72F
:1012000021E0BDF80200B0F5C87F05D9FFE74FF433
:10121000C870ADF80200FFE70199BDF8022040F662
:101220004020C2F20000EFF7A2F8BDF8020040F63D
:10123000D031C2F20001088040F6D231C2F2000182
:1012400001200870FFE702B080BD00000000000030
:1012500082B001900198406E40B9FFE701990120EA
:10126000A1F86A000199A1F8680032E010208DF819
:1012700003008DF80200019800688068C0F34260A6
:101280008DF80100019800688068400F8DF800001B
:101290009DF802009DF8002049F25C53C0F601035E
:1012A000995C484349F25451C0F601018A5CB0FB95
:1012B000F2F0019AA2F86A009DF803009DF801205F
:1012C0009B5C5843895CB0FBF1F00199A1F8680080
:1012D000FFE702B07047000081B00090009890F8DE
:1012E0002800000700280BD5FFE700980068406839
:1012F00020F40040009A1168926B10434860FFE7A9
:10130000009890F82800C00758B1FFE700980068DF
:10131000406820F40030009A1168D26A1043486097
:10132000FFE7009890F82800800700280BD5FFE71A
:1013300000980068406820F48030009A1168126BB1
:1013400010434860FFE7009890F828004007002805
:101350000BD5FFE700980068406820F48020009AD1
:101360001168526B10434860FFE7009890F828001E
:10137000C00600280BD5FFE700980068806820F4BD
:101380008050009A1168D26B10438860FFE7009884
:1013900090F82800800600280BD5FFE70098006829
:1013A000806820F40050009A1168126C1043886025
:1013B000FFE7009890F82800400600281CD5FFE7BA
:1013C00000980068406820F48010009A1168526C00
:1013D000104348600098406CB0F5801F0BD1FFE7C8
:1013E00000980068406820F4C000009A1168926C70
:1013F00010434860FFE7FFE7009890F828000006D8
:1014000000280BD5FFE700980068406820F4002012
:10141000009A1168D26C10434860FFE701B0704732
:1014200080B588B0069006990020C1F89000F6F7C4
:101430004BFB0590069800680068000700282FD530
:10144000FFE70698059B6A466FF07E4111604FF4F6
:101450000011002200F0D4FF08B3FFE7FFE7FFE729
:101460000698006850E8000F20F080000490FFE725
:1014700004990698026842E800100028F0D1FFE7BE
:10148000FFE706992020C1F88800FFE706990020B1
:1014900081F88400FFE703208DF81F005FE0FFE77D
:1014A0000698006800684007002842D5FFE70698C4
:1014B000059B6A466FF07E4111604FF48001002267
:1014C00000F09EFFA0B3FFE7FFE7FFE70698006884
:1014D00050E8000F20F490700390FFE703990698FE
:1014E000026842E800100028F0D1FFE7FFE7FFE7BD
:1014F000FFE70698006850E8020F20F00100029014
:10150000FFE702990698026842E802100028F0D12D
:10151000FFE7FFE706992020C1F88C00FFE7069956
:10152000002081F88400FFE703208DF81F0016E0FB
:10153000FFE706992020C1F888000699C1F88C00C1
:1015400006990020C86606990867FFE706990020FB
:1015500081F88400FFE700208DF81F00FFE79DF869
:101560001F0008B080BD000080B582B001900198D6
:10157000806B009000990020A1F85E000098FAF7B7
:10158000CBFD02B080BD000080B584B0039003980D
:10159000806B02900298D0F8880001900298D0F8F1
:1015A0008C000090029800688068000600280CD526
:1015B000FFE70198212808D1FFE702990020A1F850
:1015C0005600029800F02CF9FFE702980068806846
:1015D000400600280CD5FFE70098222808D1FFE735
:1015E00002990020A1F85E00029800F0A5F8FFE73C
:1015F0000299D1F8900040F01000C1F890000298D4
:10160000FAF78AFD04B080BD80B586B005900598D4
:10161000806B04900598C069B0F5807F5BD0FFE7D0
:1016200004990020A1F85E00FFE7FFE70498006836
:1016300050E8000F20F480700390FFE703990498AE
:10164000026842E800100028F0D1FFE7FFE7FFE75B
:10165000FFE70498006850E8020F20F001000290B4
:10166000FFE702990498026842E802100028F0D1CE
:10167000FFE7FFE7FFE7FFE70498006850E8020F85
:1016800020F040000190FFE701990498026842E8C9
:1016900002100028F0D1FFE7FFE704992020C1F8ED
:1016A0008C000498C06E012814D1FFE7FFE7FFE724
:1016B0000498006850E8000F20F010000090FFE749
:1016C00000990498026842E800100028F0D1FFE772
:1016D000FFE7FFE7FFE70499002008670498C06E62
:1016E000012806D1FFE70498B0F85C10FAF778FB00
:1016F00003E00498FBF760FAFFE706B080BD000046
:1017000080B582B001900198806B00900099012013
:1017100008670098C06E012807D1FFE70098B0F86D
:101720005C104908FAF75CFB03E00098FBF748FA05
:10173000FFE702B080BD000084B00390FFE7FFE741
:101740000398006850E8000F20F490700290FFE7C3
:1017500002990398026842E800100028F0D1FFE7E0
:10176000FFE7FFE7FFE70398006850E8020F4FF636
:10177000FE71CEF6FF7108400190FFE701990398D2
:10178000026842E802100028EDD1FFE7FFE7039866
:10179000C06E012814D1FFE7FFE7FFE70398006858
:1017A00050E8000F20F010000090FFE70099039828
:1017B000026842E800100028F0D1FFE7FFE7FFE7EA
:1017C00003992020C1F88C0003990020C866039972
:1017D000486704B07047000080B582B00190FFE711
:1017E000FFE70198006850E8000F20F040000090EB
:1017F000FFE700990198026842E800100028F0D144
:10180000FFE7FFE701992020C1F888000199002037
:1018100088670198FBF774FA02B080BD00000000F1
:1018200083B00290FFE7FFE70298006850E8000FDE
:1018300020F0C0000190FFE701990298026842E899
:1018400000100028F0D1FFE7FFE7FFE7FFE702986D
:10185000006850E8020F20F400000090FFE70099B4
:101860000298026842E802100028F0D1FFE7FFE783
:1018700002992020C1F8880003B0704700000000E2
:1018800080B59EB01D9000208DF867001D980068FF
:1018900040F60041C5F60001884201D1FFE700E0B3
:1018A000FFE71D9988680B694A69C96918431043A5
:1018B00008431C901D980068006846F6F311CCF6AA
:1018C000FF7108401C9908431D99096808601D981C
:1018D0000068406820F440501D9A1168D268104397
:1018E00048601D9880691C901D98006840F6004172
:1018F000C5F60001884206D0FFE71D98016A1C98D2
:1019000008431C90FFE71D98006880684FF2FF4174
:10191000C1F2FF1108401C9908431D9909688860AD
:101920001D980068C06A20F00F001D9A1168526A65
:101930001043C862FFE71D98006841F20001C4F23D
:101940000101884240F04180FFE744F25440C5F66F
:101950000200006800F038000146109128282FD8B6
:101960001099DFE801F0152D2D2D2D2D2D2D192D80
:101970002D2D2D2D2D2D1D2D2D2D2D2D2D2D212DB3
:101980002D2D2D2D2D2D252D2D2D2D2D2D2D2900C0
:1019900001208DF86D0017E004208DF86D0013E034
:1019A00008208DF86D000FE010208DF86D000BE021
:1019B00020208DF86D0007E040208DF86D0003E0D9
:1019C00080208DF86D00FFE76CE21D98006844F2FE
:1019D0000041C4F2000188422ED1FFE744F2544096
:1019E000C5F60200006800F0070001460F910528C7
:1019F0001DD80F99DFE801F003070B0F1317002024
:101A00008DF86D0017E004208DF86D0013E00820BC
:101A10008DF86D000FE010208DF86D000BE0202098
:101A20008DF86D0007E040208DF86D0003E0802008
:101A30008DF86D00FFE734E21D98006844F6000160
:101A4000C4F2000188422ED1FFE744F25440C5F6AB
:101A50000200006800F0070001460E9105281DD81D
:101A60000E99DFE801F003070B0F131700208DF824
:101A70006D0017E004208DF86D0013E008208DF84C
:101A80006D000FE010208DF86D000BE020208DF828
:101A90006D0007E040208DF86D0003E080208DF898
:101AA0006D00FFE7FCE11D98006844F60041C4F2B8
:101AB000000188422ED1FFE744F25440C5F60200EF
:101AC000006800F0070001460D9105281DD80D990A
:101AD000DFE801F003070B0F131700208DF86D00EE
:101AE00017E004208DF86D0013E008208DF86D00DC
:101AF0000FE010208DF86D000BE020208DF86D00B8
:101B000007E040208DF86D0003E080208DF86D0027
:101B1000FFE7C4E11D98006845F20001C4F200012E
:101B200088422ED1FFE744F25440C5F60200006817
:101B300000F0070001460C9105281DD80C99DFE83C
:101B400001F003070B0F131700208DF86D0017E04D
:101B500004208DF86D0013E008208DF86D000FE073
:101B600010208DF86D000BE020208DF86D0007E04F
:101B700040208DF86D0003E080208DF86D00FFE7B8
:101B80008CE11D98006841F20041C4F201018842D5
:101B900040F04180FFE744F25440C5F6020000687F
:101BA00000F0380001460B9128282FD80B99DFE868
:101BB00001F0152D2D2D2D2D2D2D192D2D2D2D2DEA
:101BC0002D2D1D2D2D2D2D2D2D2D212D2D2D2D2D61
:101BD0002D2D252D2D2D2D2D2D2D290001208DF87C
:101BE0006D0017E004208DF86D0013E008208DF8DB
:101BF0006D000FE010208DF86D000BE020208DF8B7
:101C00006D0007E040208DF86D0003E080208DF826
:101C10006D00FFE741E11D98006847F60001C4F23E
:101C2000000188422ED1FFE744F25440C5F602007D
:101C3000006800F0070001460A9105281DD80A999E
:101C4000DFE801F003070B0F131700208DF86D007C
:101C500017E004208DF86D0013E008208DF86D006A
:101C60000FE010208DF86D000BE020208DF86D0046
:101C700007E040208DF86D0003E080208DF86D00B6
:101C8000FFE709E11D98006847F60041C4F2000132
:101C900088422ED1FFE744F25440C5F602000068A6
:101CA00000F007000146099105281DD80999DFE8D1
:101CB00001F003070B0F131700208DF86D0017E0DC
:101CC00004208DF86D0013E008208DF86D000FE002
:101CD00010208DF86D000BE020208DF86D0007E0DE
:101CE00040208DF86D0003E080208DF86D00FFE747
:101CF000D1E01D98006841F60001C4F2010188425C
:101D000040F04180FFE744F25440C5F6020000680D
:101D100000F038000146089128282FD80899DFE8FC
:101D200001F0152D2D2D2D2D2D2D192D2D2D2D2D78
:101D30002D2D1D2D2D2D2D2D2D2D212D2D2D2D2DEF
:101D40002D2D252D2D2D2D2D2D2D290001208DF80A
:101D50006D0017E004208DF86D0013E008208DF869
:101D60006D000FE010208DF86D000BE020208DF845
:101D70006D0007E040208DF86D0003E080208DF8B5
:101D80006D00FFE786E01D98006841F60041C4F24F
:101D90000101884240F04180FFE744F25440C5F61B
:101DA0000200006800F038000146079128282FD86B
:101DB0000799DFE801F0152D2D2D2D2D2D2D192D35
:101DC0002D2D2D2D2D2D1D2D2D2D2D2D2D2D212D5F
:101DD0002D2D2D2D2D2D252D2D2D2D2D2D2D29006C
:101DE00001208DF86D0017E004208DF86D0013E0E0
:101DF00008208DF86D000FE010208DF86D000BE0CD
:101E000020208DF86D0007E040208DF86D0003E084
:101E100080208DF86D00FFE73BE01D98006840F6DC
:101E20000041C5F6000188422ED1FFE744F2584038
:101E3000C5F60200006800F007000146069105287B
:101E40001DD80699DFE801F003070B0F13170220D6
:101E50008DF86D0017E004208DF86D0013E0082068
:101E60008DF86D000FE010208DF86D000BE0202044
:101E70008DF86D0007E040208DF86D0003E08020B4
:101E80008DF86D00FFE703E080208DF86D00FFE71F
:101E9000FFE7FFE7FFE7FFE7FFE7FFE7FFE7FFE712
:101EA000FFE7FFE7FFE71D98006840F60041C5F631
:101EB0000001884240F0B480FFE79DF86D000146C4
:101EC0000591022814D0FFE70598042814D0FFE7F5
:101ED0000598082816D0FFE70598102818D0FFE7C6
:101EE0000598202835D0FFE70598402837D03AE0FC
:101EF000F6F75EFB11903CE015A8F6F76DFB16981F
:101F0000119036E012A8F6F7B3FC1398119030E068
:101F100044F20040C5F60200006800F020010020F5
:101F2000B0EB511F0ED0FFE744F20040C5F60200AF
:101F30000068C0F3C10149F20000C0F2D030C840CF
:101F4000119005E049F20000C0F2D0301190FFE797
:101F50000FE040F60010C0F23D00119009E04FF490
:101F60000040119005E00020119001208DF86700DD
:101F7000FFE71198002852D0FFE711981D994A6A8F
:101F800049F26451C0F6010131F81210B0FBF1F0D2
:101F9000189018981D99496801EB4101884207D3B0
:101FA000FFE718981D994968B0EB013F04D9FFE796
:101FB00001208DF8670031E011981D994A6803925D
:101FC0004A6A49F26451C0F6010131F81220002337
:101FD00004931946EEF79AF9039A049B090241EA21
:101FE0001061000210EB520041F10001EEF78EF992
:101FF0001A901A98B0F5407F0BD3FFE71A9900208A
:10200000B0EB115F05D1FFE71A981D990968C86008
:1020100003E001208DF86700FFE7FFE7FFE746E1F7
:102020001D98C069B0F5004F40F0A880FFE79DF80B
:102030006D0001460291402800F263800299DFE8BA
:1020400001F021256060296060602F606060606041
:1020500060603560606060606060606060606060AB
:10206000606056606060606060606060606060607A
:102070006060606060606060606060606060606060
:1020800060605C00F7F7F4FF119040E0F8F704F8A7
:1020900011903CE015A8F6F79FFA1698119036E0DB
:1020A00012A8F6F7E5FB1398119030E044F20040D7
:1020B000C5F60200006800F020010020B0EB511FBF
:1020C0000ED0FFE744F20040C5F602000068C0F3FE
:1020D000C10149F20000C0F2D030C840119005E0C3
:1020E00049F20000C0F2D0301190FFE70FE040F657
:1020F0000010C0F23D00119009E04FF40040119033
:1021000005E00020119001208DF86700FFE711988D
:1021100098B3FFE711981D9A5168536A49F26452C7
:10212000C0F6010232F81320B0FBF2F0400000EBE1
:102130005100B0FBF1F01A901A98102818D3FFE75D
:10214000BDF86A00A0B9FFE71A9820F00F00ADF8BB
:102150006E001A9800F00E01BDF86E0040EA5100C2
:10216000ADF86E00BDF86E001D990968C86003E007
:1021700001208DF86700FFE7FFE797E09DF86D000D
:1021800001460191402800F263800199DFE801F0E7
:1021900021256060296060602F6060606060606021
:1021A000356060606060606060606060606060605A
:1021B0005660606060606060606060606060606029
:1021C000606060606060606060606060606060600F
:1021D0005C00F7F74DFF119040E0F7F75DFF1190BD
:1021E0003CE015A8F6F7F8F91698119036E012A819
:1021F000F6F73EFB1398119030E044F20040C5F62C
:102200000200006800F020010020B0EB511F0ED04A
:10221000FFE744F20040C5F602000068C0F3C101C8
:1022200049F20000C0F2D030C840119005E049F2F8
:102230000000C0F2D0301190FFE70FE040F6001030
:10224000C0F23D00119009E04FF40040119005E00C
:102250000020119001208DF86700FFE7119820B34E
:10226000FFE711981D9A5168536A49F26452C0F60B
:10227000010232F81320B0FBF2F000EB5100B0FB8A
:10228000F1F01A901A9810280AD3FFE7BDF86A00F7
:1022900030B9FFE7BDF868001D990968C86003E020
:1022A00001208DF86700FFE7FFE7FFE7FFE71D99D3
:1022B0000120A1F86A001D99A1F868001D9900206D
:1022C00048671D9988679DF867001EB080BD0000B3
:1022D00080B588B006900591ADF812200598069952
:1022E0008865BDF812000699A1F85C0006990020E7
:1022F000C1F8900006992220C1F88C000698D0F809
:102300008000B0B3FFE70698D0F8801041F2096072
:10231000C0F60100C8630698D0F8801041F2017041
:10232000C0F6010008640698D0F8801041F2895088
:10233000C0F60100C8640698D0F880100020086537
:1023400006980168826DD0F880002431BDF8123003
:10235000F3F7F6F960B1FFE706991020C1F8900095
:1023600006992020C1F88C0001208DF81F0042E062
:10237000FFE706980069A0B1FFE7FFE7FFE70698CF
:10238000006850E8000F40F480700390FFE7039965
:102390000698026842E800100028F0D1FFE7FFE746
:1023A000FFE7FFE7FFE70698006850E8020F40F0FC
:1023B00001000290FFE702990698026842E80210C5
:1023C0000028F0D1FFE7FFE7FFE7FFE70698006886
:1023D00050E8020F40F040000190FFE70199069895
:1023E000026842E802100028F0D1FFE7FFE7002072
:1023F0008DF81F00FFE79DF81F0008B080BD0000AA
:1024000080B586B0DDF820C0049003918DF80B20D4
:102410000193FFE704980068C06903990840401AD7
:10242000B0FA80F040099DF80B10884266D1FFE7B2
:1024300008980130002860D0FFE7F5F745FB0199C7
:10244000401A0899884203D8FFE7089820B9FFE7A7
:1024500003208DF8170055E00498006800684007D5
:10246000002849D5FFE70398802845D0FFE7039867
:10247000402841D0FFE704980068C06900F00801D7
:102480000120B0EBD10F16D1FFE7049801680820B6
:10249000009008620498FFF74FF900980499C1F87A
:1024A0009000FFE70499002081F88400FFE70120F5
:1024B0008DF8170026E004980068C06900F40061F8
:1024C0000120B0EBD12F16D1FFE7049801684FF43B
:1024D000006008620498FFF72FF904992020C1F8E2
:1024E0009000FFE70499002081F88400FFE70320B3
:1024F0008DF8170006E0FFE7FFE78BE700208DF877
:102500001700FFE79DF8170006B080BD000000002F
:10251000FFE7FEE70000000081B0ADF80200BDF962
:102520000200002812D4FFE7BDF9021001F01F02DB
:10253000012090404A094EF28011CEF2000141F88C
:102540002200BFF34F8FBFF36F8FFFE701B07047DB
:1025500081B0ADF80200BDF9020000280ED4FFE7FB
:10256000BDF9021001F01F02012090404A094EF20D
:102570000011CEF2000141F82200FFE701B07047E0
:102580004EF60C50CEF200000068C0F302207047F7
:1025900082B0ADF806000091BDF9060000280AD40B
:1025A000FFE700980001BDF906104EF20042CEF29E
:1025B000000288540BE000980001BDF8061001F0FD
:1025C0000F014EF61452CEF200028854FFE702B01B
:1025D000704700000000000082B0ADF806000091D6
:1025E000BDF9060000280AD4FFE700980001BDF9F4
:1025F00006104EF20042CEF2000288540BE0009822
:102600000001BDF8061001F00F014EF61452CEF293
:1026100000028854FFE702B070470000000000008D
:1026200083B00290029800F0070000904EF60C5123
:10263000CEF200010868019001984FF6FF021040A9
:1026400001900198009A40EA02200022C0F2FA525A
:10265000104301900198086003B07047000000002B
:1026600082B08DED010A9DED010AB5EE400AF1EE52
:1026700010FA05DBFFE79DED010A8DED000A06E08B
:102680009DED010AB1EE400A8DED000AFFE79DEDD8
:10269000000A02B07047000083B08DED010ACDED55
:1026A000000A9DED010A9DED001AB4EE410AF1EE1B
:1026B00010FA03DDFFE70098029015E09DED010A96
:1026C0009DED001AB1EE411AB4EE410AF1EE10FA96
:1026D00007DAFFE79DED000AB1EE400A8DED020A30
:1026E00002E001980290FFE79DED020A03B07047F7
:1026F00080B588B0079006910798007B80079FED12
:102700004A1AB7EE000A002858BFB0EE410A8DED14
:10271000050A0798B0F9060001F0F6FE9DED051ACE
:1027200020EE010A8DED040A0798B0F9040001F0CB
:10273000EBFEB0EE081A20EE010A9DED051A20EE20
:10274000010A8DED030A0798B0F90A0001F0DCFEDA
:102750009FED361A20EE010A8DED020A9DED020A68
:102760009FED331A8DED001A30EE010A01F06CFB7B
:102770009DED000AADF806009DED021A30EE410A0B
:1027800001F062FBADF804009DED040ADDED030AE3
:10279000FBF766FA0798007B00F0010041F2981100
:1027A000C2F200010870069841F29C11C2F20001C9
:1027B0000968401A282834D3FFE7BDF8060040F224
:1027C0000C01C2F20001098803F0B6FF07280CD8FB
:1027D000FFE7BDF8040040F20C01C2F20001498895
:1027E00003F0AAFF08281CD3FFE7BDF80600BDF8D8
:1027F00004104FF49672FDF7C3F888B9FFE7BDF8EF
:10280000060040F20C01C2F200010880BDF804008D
:102810004880069841F29C11C2F200010860FFE76F
:10282000FFE708B080BD00BFCDCCCC3E00007A44AD
:10283000000000450000000070B5ADF5187D9790D0
:10284000979808B9FFE75CE397980078013801464C
:1028500015911F2800F254831599DFE811F020002C
:10286000340045006A00710037014B0157016301D4
:1028700068017001780180019601AC01B301B901D2
:10288000FD0128025E028702BB0206034B034E03D2
:1028900078008E009100A500BB00E6002E0140F2FA
:1028A0007431C2F2000100200870979890ED010A7F
:1028B000D0ED020AFBF7D4F940F25C31C2F200011C
:1028C000012008701DE340F27431C2F200010020C3
:1028D000087001201490FAF7F7FF149840F25C3169
:1028E000C2F2000108700CE340F27431C2F2000140
:1028F00000201390087040F22821C2F200010870F5
:10290000FAF7E2FF13999FEDD30A8DED120A0846FC
:10291000FBF762FE9DED120A13990120FBF75CFEA6
:10292000FBF7F2FD139840F25C31C2F2000108702F
:10293000E7E249F60350C0F6010000F029FDE0E2AD
:1029400049F60350C0F6010000F0A6FCD9E29798C2
:10295000817841F22C20C2F200000170037849F620
:10296000E432C0F601020DF237201190202105F06B
:102970000BFF1198FDF740FEC3E203F009FBC0E234
:1029800097984078012803D1FFE7EFF7FDFC08E0B6
:1029900097984078022803D1FFE7EFF711FDFFE792
:1029A000FFE703F0F5FAACE29798817840F25C30EB
:1029B000C2F200000170037849F66822C0F60102F5
:1029C0000DF217201090202105F0DEFE1098FDF783
:1029D00013FE96E201208DF8EE019798407870B1D1
:1029E000FFE797984078022809D8FFE79798407842
:1029F0000138C0B2FBF7A0FD8DF8EE01FFE7979814
:102A000043789DF8EE016946086049F69232C0F6B7
:102A100001020DF2EF100F90282105F0B5FE0F987E
:102A2000FDF7EAFD03F0B4FA6BE2979A5078D1789B
:102A300092ED010AFBF748FC8DF8AD019798C0783C
:102A400090B9FFE79798407818B9FFE700200E90FB
:102A500003E001F0C9FB0E90FFE70E9840F27431DD
:102A6000C2F20001087006E040F27431C2F20001C7
:102A700001200870FFE740F25C31C2F20001002043
:102A8000087097994B78C87891ED010AB7EEC00AA3
:102A90009DF8AD2169460A6181ED020B086049F697
:102AA0000032C0F601020DF5D7700D90402105F0FF
:102AB0006BFE0D98FDF7A0FD23E200F0D1FC49F676
:102AC000EA00C0F60100FDF797FD1AE240F274310A
:102AD000C2F2000100200870979890ED010AD0ED35
:102AE000020AFBF7DDF840F25C31C2F2000101207E
:102AF000087006E29798417890ED010AD0ED020A3D
:102B000090ED031A0020FBF73BF8FAE19798417823
:102B100090ED010AD0ED020A90ED031A0120FBF7B7
:102B20002FF8EEE197988078FAF73EFFE9E1979A5F
:102B30005078917892ED010AFAF786FFE1E1979AD1
:102B40005078917892ED010AFAF7EEFED9E1979A62
:102B50005078917892ED010AFAF706FFD1E1979843
:102B6000406865909798806866909798C06867906D
:102B700097980069689097984069699097988069DC
:102B80006A9065A8FAF798FFBBE1979840685F9054
:102B90009798806860909798C0686190979800694E
:102BA00062909798406963909798806964905FA855
:102BB000FAF7B6FFA5E19799487891ED010AFAF77F
:102BC00027FF9EE1979890ED010AFAF75DFF98E1E3
:102BD0009798407803F0E4FD8DF85B02979890EDAC
:102BE000010A01F031F9ADF858029DF85B02BDF819
:102BF000581200224FF49673FCF7FAFE8DF8570234
:102C00009DF8570238B9FFE79DF85B02BDF85812EE
:102C100003F0F2FEFFE79DF85B129DF8572249F69C
:102C20007050C0F6010003F05BFD49F62D60C0F660
:102C300001004FF25161C0F6000103F049FC49F672
:102C40001C60C0F601004FF2F951C0F6000103F01C
:102C50003FFC56E1000000009798407803F0A0FD8B
:102C60008DF85B029DF85B02FCF746FD8DF857027C
:102C70009DF85B129DF8572249F62A50C0F60100D4
:102C800003F02EFD49F62D60C0F601004FF25161B0
:102C9000C0F6000103F01CFC49F61C60C0F6010000
:102CA0004FF2F951C0F6000103F012FC29E19798A8
:102CB000407803F075FD8DF85B029DF85B029799F3
:102CC0008978FCF709FE8DF857029798827849F6C3
:102CD0005251C0F6010149F61F50C0F60100002A0A
:102CE00018BF08469DF85B129DF8572203F0F8FCC8
:102CF00049F62D60C0F601004FF25161C0F60001A7
:102D000003F0E6FB49F61C60C0F601004FF2F951F2
:102D1000C0F6000103F0DCFBF3E09798407803F085
:102D20003FFD8DF85B029DF85B020DF5B7710C91CC
:102D3000FCF7FAFC8DF8570249F62D60C0F6010049
:102D40004FF25161C0F6000103F0C2FB49F61C606E
:102D5000C0F601004FF2F951C0F6000103F0B8FBD4
:102D60000C989DF8571203F01BFCCAE0979890ED61
:102D7000010AB7EE001AB4EE410AF1EE10FA06DAD3
:102D8000FFE744F24020C0F20F000B9008E0979854
:102D900090ED010ABCEEC00A10EE100A0B90FFE79E
:102DA0000B984C904C98FCF73FFD8DF857024C9BCC
:102DB0009DF857026946086049F6A332C0F6010241
:102DC0000DF59B700A90382105F0DEFC0A98FDF79E
:102DD00013FC96E09798407803F0E2FC8DF85B02D4
:102DE0009DF85B0247A9FCF78FFB8DF857029DF811
:102DF0005B0203F0F9FC08909DF85B0203F0BCFC59
:102E0000089B9DF857229DF81CC19DF82CE1489C19
:102E1000499D4A9E69468E614D610C61C1F80CE086
:102E2000C1F808C04A60086049F28872C0F6010221
:102E300017A80990C02105F0A7FC0998FDF7DCFB55
:102E400049F62D60C0F601004FF25161C0F6000155
:102E500003F03EFB49F60860C0F601004FF2F9515D
:102E6000C0F6000103F034FB4BE0979890ED010AA7
:102E700000F0EAFFADF85A00979890ED020A00F0D2
:102E8000E3FFADF85800BDF85A00BDF858104FF4F4
:102E90009672FCF775FD8DF857029DF8570258B9E8
:102EA000FFE7BDF85A0040F20C01C2F200010880B1
:102EB000BDF858004880FFE79DF8572249F6625058
:102EC000C0F60100FE2103F00BFC49F62D60C0F6B0
:102ED00001004FF25161C0F6000103F0F9FA49F622
:102EE0001C60C0F601004FF2F951C0F6000103F07A
:102EF000EFFA06E003F09CFB03E0FAF7D5FC00E0F4
:102F0000FFE70DF5187D70BD80B584B08DED030A27
:102F10009DED030A9FED0C1A80EE010AF7EE000A00
:102F2000FFF7BAFB8DED020A9DED021A9FED072A0D
:102F30009FED070AA1EE020A8DED010A9DED010A3F
:102F400000F082FF04B080BD3333B33E0000344351
:102F5000000000450000000080B584B08DF80F002F
:102F60008DED020ACDED010A00919DF80F000128B8
:102F700009D8FFE79DF80F1040F23020C2F20000A0
:102F8000405C08B1FFE75EE09DED020AFFF768FBD9
:102F9000B7EE041AB4EE410AF1EE10FA49DDFFE78C
:102FA0009DED010AFFF75CFB9FED281AB4EE410A84
:102FB000F1EE10FA3DDAFFE79DF80F1040F23420F1
:102FC000C2F2000050F8210050B9FFE700989DF8C8
:102FD0000F2040F23421C2F2000141F8220027E024
:102FE00000989DF80F2040F23421C2F2000151F800
:102FF0002210401AC8281AD3FFE79DF80F2040F28C
:103000003021C2F20001012088549DF80F000021F8
:103010009FED0F0AFBF7E0FA9DF80F0000F0A0F912
:1030200049F6D840C0F6010000F0FAF8FFE7FFE7E4
:1030300009E09DF80F2040F23421C2F20001002087
:1030400041F82200FFE704B080BD00BFB81E053F75
:10305000000000000000000080B590B00F908DEDE2
:103060000E0AFBF7DDFC0D9000200490FBF788F9B9
:103070000C900120FBF784F9014604980B9109900C
:103080000D9878B1FFE740F22820C2F200000078E6
:1030900040B1FFE740F22820C2F200000078052886
:1030A00001D1FFE7B3E040F22820C2F2000000782F
:1030B000032808D0FFE740F22820C2F20000007881
:1030C00004281DD1FFE740F22820C2F2000000785A
:1030D000B7EE001ABFEE000A032800FE010A8DEDCC
:1030E000060A9DED060A9FED4D1A20EE010A8DEDB0
:1030F000050ADDED050AB0EE600A00F099FA86E0F7
:1031000040F22820C2F200000078022801D0FFE738
:103110007DE00D98D0ED080A9DED0E1A40F2C81022
:10312000C2F200009FED3B0AFBF736FF8DED0A0A65
:103130000D9890ED070AFFF793FA9FED371AB4EE5A
:10314000410AF1EE10FA10DDFFE70D98D0ED070A05
:103150009DED0E1A40F2F810C2F200009FED2D0A0C
:10316000FBF71AFF8DED090A06E040F2F810C2F2F3
:103170000000FBF7C5FFFFE79DED0A0A9DED091A68
:1031800030EE010A8DED080A9DED0A0A9DED091A3F
:1031900030EE410A8DED070A9DED080ADDED070AC4
:1031A00000F046FA9DED080A8DED030A0C9830B147
:1031B000FFE70C9890ED040A8DED020A04E09FED04
:1031C000150A8DED020AFFE79DED030ADDED020A07
:1031D0000F990020FFF7C0FE9DED070A8DED010A53
:1031E0000B9830B1FFE70B9890ED040A8DED000AC3
:1031F00004E09FED080A8DED000AFFE79DED010A4E
:10320000DDED000A0F990120FFF7A6FEFFE710B0E1
:1032100080BD00BF000000003333B33E9A99993F50
:1032200080B584B0039040F22821C2F2000105204D
:103230000870F4F749FC40F22C21C2F2000108604A
:1032400040F27431C2F2000100200290087040F296
:103250005C31C2F20001087000F002F9FAF740FD9B
:1032600002999FED0C0A8DED010A0846FBF7B4F9AF
:103270009DED010A02990120FBF7AEF9FBF744F935
:103280000299FE20FCF728FB039800F025F904B012
:1032900080BD00BF0000000080B584B0039040F204
:1032A0002821C2F20001002002900870F4F70CFC03
:1032B0000146029840F22C22C2F20002116040F254
:1032C0007431C2F20001087040F25C31C2F20001B8
:1032D000087000F0C5F8FAF703FD02999FED0B0A9C
:1032E0008DED010A0846FBF777F99DED010A029979
:1032F0000120FBF771F9FBF707F90299FE20FCF7B3
:10330000EBFA039800F0E8F804B080BD000000007C
:1033100081B040F22820C2F2000001780120022989
:10332000009015D0FFE740F22820C2F2000001789B
:103330000120032900900BD0FFE740F22820C2F2C1
:10334000000000780438B0FA80F040090090FFE7F0
:10335000009800F0010001B070470000000000007C
:1033600080B58CB08DF82F009DF82F00431C49F6D6
:103370005522C0F601020DF107000090282105F04A
:1033800003FA0098FDF738F90CB080BD000000008A
:1033900080B5A2B0219040F27431C2F20001002049
:1033A0000390087040F25C31C2F200010870FAF735
:1033B00097FC03999FED280A8DED040A0846FBF758
:1033C0000BF903999DED040A01200590FBF704F920
:1033D000FBF79AF800F044F80599FE20FCF77CFA18
:1033E0008DF883004FF4006106914FF4FA7208469D
:1033F000FCF7C6FA0699024605988DF8822040F23D
:103400000C02C2F200021180518040F22821C2F267
:1034100000010870F4F758FB40F22C21C2F20001C1
:103420000860219800F058F8069A9DF883309DF8BE
:10343000820069468A604A60086049F6B922C0F68F
:1034400001020DF122000790602105F09DF9079817
:10345000FDF7D2F822B080BD00000000000000009F
:1034600080B582B040F2C810C2F20000FBF748FEFF
:1034700040F2F810C2F20000FBF742FE40F2C41125
:10348000C2F200010020086040F2F411C2F2000113
:1034900008708DF80700FFE79DF80700012817D88E
:1034A000FFE79DF8072040F23421C2F2000100201E
:1034B00041F822009DF8072040F23021C2F20001BD
:1034C0008854FFE79DF8070001308DF80700E3E717
:1034D00002B080BD00000000B0B5DAB05990FBF733
:1034E0009FFA58900020FAF74BFF57900120FAF707
:1034F00047FF5690F4F7E8FA55901EA81C9040F24A
:103500002820C2F20000007800F02EF91D90599892
:1035100018B1FFE759981B9005E049F61A50C0F61C
:1035200001001B90FFE71B981A90589830B1FFE7F5
:10353000589890ED080A8DED190A04E09FED3A0ABB
:103540008DED190AFFE79DED190AB7EEC00A8DED62
:10355000160B589830B1FFE7589890ED0B0A8DED97
:10356000150A04E09FED300A8DED150AFFE79DED89
:10357000150AB7EEC00A8DED120B579820B1FFE780
:1035800057984079119002E000201190FFE71198C0
:103590001090579830B1FFE7559857998968401AAD
:1035A0000F9002E000200F90FFE70F980E905698C2
:1035B00020B1FFE7569840790D9002E000200D9071
:1035C000FFE70D980C90569830B1FFE75598569943
:1035D0008968401A0B9002E000200B90FFE71D9BCA
:1035E0001C981A999DED160B9DED121BDDF840C03D
:1035F000DDF838E00C9C0B9D6A4655621462C2F8F7
:103600001CE0C2F818C082ED041B82ED020B1160B1
:1036100049F60F12C0F60102DC2105F0B5F81EA82C
:10362000FCF7EAFF5AB0B0BD000000000000000047
:1036300080B584B08DED030ACDED020A9DED030A3D
:10364000F7EE080ACDED000AFFF726F80020012169
:103650000191FAF7C1FFDDED000A9DED020AFFF7C7
:103660001BF801990846FAF7B7FF04B080BD0000C7
:1036700080B59AB019908DF8631040F2F410C2F240
:1036800000000078032807D3FFE749F6E640C0F6BC
:103690000100FFF7C5FD63E040F2F411C2F2000142
:1036A00002910878013008709DF863100420002909
:1036B00018BF032040F22821C2F2000108701998B7
:1036C00040F22C21C2F20001086040F25C31C2F2EB
:1036D00000010120087040F2C810C2F20000FBF7A0
:1036E0000FFD40F2F810C2F20000FBF709FD9DF853
:1036F000630040F2F461002818BF40F60611002272
:103700004FF496731046FCF773F9014602988DF852
:1037100062109DF8632049F6CB51C0F6010149F6CD
:103720003753C0F60103002A18BF0B4600789DF8F6
:10373000622069464A60086049F6BA32C0F6010262
:103740000DF112000390502105F01EF80398FCF7CC
:1037500053FF49F6F540C0F60100FFF7BDFEFFE755
:103760001AB080BD0000000083B08DF807009DF8FE
:103770000700013801460091042823D80099DFE8AA
:1037800001F003090F151B0049F60D50C0F60100AA
:1037900002901DE049F60750C0F60100029017E0C4
:1037A00049F6C350C0F60100029011E049F62F50CF
:1037B000C0F6010002900BE049F6A150C0F60100EE
:1037C000029005E049F65C50C0F601000290FFE768
:1037D000029803B07047000080B586B00590FBF7F3
:1037E0001FF9049040F22820C2F20000007801285E
:1037F00033D1FFE7059840F22C21C2F2000109689D
:10380000401A80084A2801D8FFE755E1059800F0E2
:10381000A3FD38B9FFE749F68B50C0F60100FFF76A
:10382000FFFC49E1FFF71CFE40F25C31C2F20001EF
:103830000120087040F22821C2F200010220087025
:10384000059840F22C21C2F20001086049F64B5065
:10385000C0F60100FFF740FE2EE140F22820C2F240
:1038600000000078022840F0AF80FFE7059840F2A2
:103870002C21C2F200010968401AB0F5FA7F0BD979
:10388000FFE7059800F044FD30B9FFE7059800F028
:10389000D3FCFFF7C5FC0FE1049860B1FFE7049883
:1038A00090F8340038B1FFE705980499896B401A05
:1038B000652807D3FFE749F6FC50C0F60100FFF783
:1038C000AFFCF9E0049890ED080AB0EEC00A9FED55
:1038D0007D1AB4EE410AF1EE10FA44DDFFE70498D8
:1038E00090ED080AFEF7BCFE9FED771AB4EE410A90
:1038F000F1EE10FA29DDFFE740F2C410C2F2000039
:10390000006838B9FFE7059840F2C411C2F200011F
:10391000086019E0059840F2C411C2F2000109687C
:10392000401AB0F5FA7F0ED3FFE70598049991EDA0
:10393000080A0021B5EE400AF1EE10FAC8BF0121D5
:10394000FFF796FEFFE7FFE70CE040F2C411C2F27A
:1039500000010020086049F67F50C0F60100FFF723
:103960005FFCFFE7A8E040F2C411C2F200010020B2
:103970000860049890ED070AFEF772FE9FED4F1A5B
:10398000B4EE410AF1EE10FA1DDDFFE7059840F2B2
:103990002421C2F200010968401A3C2813D3FFE732
:1039A000059840F22421C2F200010860049890EDCD
:1039B000070AFFF7A9FA014600224FF49673104652
:1039C000FCF716F8FFE777E040F22820C2F200008B
:1039D0000078032808D0FFE740F22820C2F2000058
:1039E0000078042868D1FFE7049860B1FFE70498E5
:1039F00090F8340038B1FFE705980499896B401AB4
:103A0000652807D3FFE749F6FC50C0F60100FFF731
:103A100007FC51E0049890ED080AFEF721FE9FEDA7
:103A2000271AB4EE410AF1EE10FA2BDAFFE740F262
:103A30002821C2F20001012001900870059840F28F
:103A40002C21C2F200010860002103919FED1C0AA5
:103A50008DED020A0846FAF7BFFD01989DED020AB6
:103A60000399FAF7B9FD039A4FF400614FF4967386
:103A70001046FBF7BDFF49F63C50C0F60100FFF7CA
:103A80002BFD19E0059840F22C21C2F200010968D3
:103A9000401AB0F5E17F0ED3FFE70598049991ED48
:103AA000080A0021B5EE400AF1EE10FAC8BF012164
:103AB000FFF7DEFDFFE7FFE706B080BD3333B33E1F
:103AC00000000000CDCC0C3FA60A863F000000009D
:103AD00081B0009000980178407840EA012000B25F
:103AE00001B070470000000083B00290ADF80610EE
:103AF0000020ADF80400FFE7BDF80410BDF8062073
:103B000000209142009009DAFFE70298BDF8041006
:103B1000405C002818BF01200090FFE70098C00714
:103B200030B1FFE7BDF804000130ADF80400E3E771
:103B3000BDF8040003B0704782B08DF803009DF813
:103B4000030030B9FFE740F23C20C2F200000190D0
:103B50000EE09DF80300012807D1FFE740F23C206A
:103B6000C2F200001030019002E000200190FFE757
:103B7000019802B07047000080B584B002900191B6
:103B80008DF80320029860B1FFE70298006840B109
:103B9000FFE7019828B1FFE79DF80300212804D32F
:103BA000FFE701208DF80F0037E002980068F8F772
:103BB000D3F90298006802F0EFFE01999DF8032006
:103BC00040F64E00C2F20000ECF7D1FB9DF8030076
:103BD00040F64D01C2F20001087002980068019998
:103BE0009DF803201423F8F7EFFF8DF802009DF8ED
:103BF0000200029988719DF8020048B9FFE7F3F7C7
:103C000063FF0299886002984079FBF755FFFFE750
:103C10009DF802008DF80F00FFE79DF80F0004B03B
:103C200080BD00000000000080B584B003900291C8
:103C3000039818B1FFE7029808B9FFE723E003985B
:103C4000006E01900198092803D3FFE70820019036
:103C5000FFE700200090FFE700980199884212D208
:103C6000FFE70398009A01219140F2F711F928B972
:103C7000FFE70299086901300861FFE7FFE7009854
:103C800001300090E8E704B080BD000000000000B3
:103C900082B00090009840F2F831C2F200018842F0
:103CA00006D1FFE740F26020C2F20000019010E070
:103CB000009840F29841C2F20001884206D1FFE725
:103CC00040F2E020C2F20000019002E000200190EA
:103CD000FFE7019802B0704780B58CB00B900020D0
:103CE00002900A9009900890079006900590049021
:103CF0000390039004900221059101210691079001
:103D000008900B9803A9F2F7D7F918B1FFE7EEF77F
:103D100017FBFFE70B98694601230B60022211464F
:103D2000F2F756FA18B1FFE7EEF70AFBFFE70B9838
:103D3000F3F7E2FA18B1FFE7EEF702FBFFE70B98A3
:103D400001210022F2F7C8F818B1FFE7EEF7F8FA00
:103D5000FFE70CB080BD000080B588B069208DF809
:103D60001C0045F6A520C3F6C34006901020009025
:103D700006A901910522039203F056FB0098039ACD
:103D80000DF11301029101F0E3FE0098039A49F24C
:103D9000A461C0F6010103F047FB01980299039A60
:103DA000ECF71EFBB0FA80F0400908B080BD0000BF
:103DB00084B00390ADF80A1000200190ADF8020025
:103DC000FFE7BDF80200BDF80A1088420EDAFFE7EF
:103DD0000398BDF80210415C019808440190FFE788
:103DE000BDF802000130ADF80200EAE7BDF80400BA
:103DF00004B070470000000082B001908DF80310FD
:103E000000208DF802008DF80100FFE79DF8010009
:103E10009DF80310884210DAFFE79DF8020001992F
:103E20009DF80120895C08448DF80200FFE79DF8A9
:103E3000010001308DF80100E8E79DF8020080F0F4
:103E4000FF0002B07047000082B08DED000A9DEDCA
:103E5000000AB5EE400AF1EE10FA04DAFFE700209E
:103E6000ADF8060017E09DED000A9FED0D1AB4EEC7
:103E7000410AF1EE10FA05DDFFE740F6FF70ADF8FC
:103E8000060008E09DED000ABCEEC00A10EE100A24
:103E9000ADF80600FFE7BDF8060002B0704700BFAE
:103EA00000F07F450000000083B08DED010ACDEDEC
:103EB000000A9DED010A9DED001AB4EE410AF1EEF3
:103EC00010FA03DDFFE70098029015E09DED010A6E
:103ED0009DED001AB1EE411AB4EE410AF1EE10FA6E
:103EE00007DAFFE79DED000AB1EE400A8DED020A08
:103EF00002E001980290FFE79DED020A03B07047CF
:103F000083B08DED010ACDED000A9DED000AB5EEFE
:103F1000400AF1EE10FA03DCFFE70198029022E07C
:103F20009DED010A9DED001AB4EE410AF1EE10FA82
:103F300003DDFFE70098029015E09DED010A9DED7D
:103F4000001AB1EE411AB4EE410AF1EE10FA07DAA6
:103F5000FFE79DED000AB1EE400A8DED020A02E096
:103F600001980290FFE79DED020A03B07047000040
:103F700080B58AB0DDF834C0DDF830C00890079114
:103F80008DF81B200593F3F79FFD049000208DF81A
:103F90000F000C9820B1FFE70C9900200860FFE7A4
:103FA0000D9820B1FFE70D9900200860FFE7089801
:103FB00060B1FFE70898006840B1FFE70898006823
:103FC000006818B1FFE7079820B9FFE700208DF8D7
:103FD000270068E0FFE70498059900F089F80028B9
:103FE00052D1FFE7089800680068C0690290029803
:103FF00000F00F000190019838B3FFE70D9830B141
:10400000FFE7019A0D99086810430860FFE79DF8E3
:1040100008008006002813D5FFE79DF80F009DF8E3
:104020001B1088420CDAFFE7089800680068406AB5
:1040300007999DF80F20531C8DF80F308854FFE727
:104040000898006802F044FCC5E79DF80800800667
:10405000002818D5FFE7089800680068406A8DF8C6
:1040600003009DF80F009DF81B1088420ADAFFE755
:104070009DF8030007999DF80F20531C8DF80F3011
:104080008854FFE7FFE7A6E70C9838B1FFE70898E8
:1040900000680068C0690C990860FFE79DF80F0090
:1040A0008DF82700FFE79DF827000AB080BD0000CB
:1040B00080B582B08DF80700002000F009F89DF867
:1040C000070002F0B5FB012000F002F802B080BD4D
:1040D00080B582B08DF807009DF8072040F60000FB
:1040E000C5F602002021F3F7D7FC02B080BD000026
:1040F00080B582B001900091F3F7E6FC0199411A76
:10410000009A0020914228BF012002B080BD00002B
:1041100080B584B0039002910192029803990860DF
:1041200003980021009181600398C160039A0120E7
:104130001074039A5174039A9174039A5061039B0B
:1041400014229A61DDF80CC03B23CCF81C30DDF85A
:104150000CC0CCF82020DDF80CC0CCF82400DDF831
:104160000CC0CCF82820DDF80CC0CCF82C30039B18
:104170001A63019A039B5A63039A90630398C1637D
:10418000039A10201064039A04205064039A9164E7
:10419000039AD064039A1165039A5065039A916556
:1041A000039AD165039B08221A66039A5166039904
:1041B00088660398F2F74CFD18B1FFE7EEF7C0F8F8
:1041C000FFE704B080BD000082B00090009808288E
:1041D00003D8FFE70098019002E008200190FFE774
:1041E000019802B07047000080B584B00020FAF753
:1041F000C7F803900120FAF7C3F80290039830B192
:10420000FFE70398017F0120019079B9FFE7029948
:104210000020009039B1FFE70298007F002818BF06
:1042200001200090FFE700980190FFE7019800F05F
:10423000010004B080BD000080B584B002900299F6
:10424000002000F039F88DF807000299012000F0F5
:1042500033F88DF806009DF8070050B1FFE79DF890
:10426000060030B1FFE749F6A750C0F60100039001
:104270001CE09DF8070050B9FFE79DF8060030B933
:10428000FFE749F6D150C0F6010003900EE09DF81B
:10429000072049F6ED51C0F6010149F6DF50C0F69E
:1042A0000100002A18BF08460390FFE7039804B0F6
:1042B00080BD00000000000080B584B08DF80E00C5
:1042C00002919DF80E00FAF75BF80190019820B179
:1042D000FFE70198407920B9FFE700208DF80F0033
:1042E0000FE0029801998968401AB0F5FA7F04D965
:1042F000FFE700208DF80F0003E001208DF80F008C
:10430000FFE79DF80F0004B080BD00000000000032
:1043100080B584B00390039900200190FFF7CCFF93
:1043200001460198029049B1FFE703990120FFF788
:10433000C3FF002818BF01200290FFE7029800F099
:10434000010004B080BD000081B00090009800889A
:1043500001B070470000000080B584B00290FAF709
:104360005FFB0190019828B1FFE7019890F83400B5
:1043700020B9FFE700208DF80F001FE00298019997
:10438000896B401A652804D3FFE700208DF80F00E1
:1043900014E0019890ED080AB0EEC00A9FED091AEA
:1043A000B4EE410AF1EE10FA04DDFFE700208DF8CB
:1043B0000F0003E001208DF80F00FFE79DF80F00CC
:1043C00004B080BDCDCC0C3F80B582B00020019000
:1043D0004EF61450CEF2000000688003002801D58C
:1043E000FFE71AE0BFF34F8FBFF36F8F4EF65071A8
:1043F000CEF2000100200860BFF34F8FBFF36F8F34
:104400004EF61451CEF20001086840F40030086006
:10441000BFF34F8FBFF36F8FFFE7F3F775FFFCF725
:10442000D3FCFCF771F9F9F703F8F8F78DFFF8F70B
:10443000A7FFF8F7B5FFF9F7AFF8F9F7E9F8F9F7DB
:104440003FF9F9F72DF9F9F71BF9FAF72DFF00F00D
:1044500007F9F8F7B5FF00F027F9FFE7FEE70000DE
:1044600082B08DED010A9DED010AB5EE400AF1EE34
:1044700010FA05DBFFE79DED010A8DED000A06E06D
:104480009DED010AB1EE400A8DED000AFFE79DEDBA
:10449000000A02B07047000083B08DED010ACDED37
:1044A000000A9DED000AB5EE400AF1EE10FA03DCB9
:1044B000FFE70198029022E09DED010A9DED001AB0
:1044C000B4EE410AF1EE10FA03DDFFE70098029026
:1044D00015E09DED010A9DED001AB1EE411AB4EE12
:1044E000410AF1EE10FA07DAFFE79DED000AB1EE9E
:1044F000400A8DED020A02E001980290FFE79DED6F
:10450000020A03B07047000086B0ADF81200BDF992
:104510001200B0F1FF3F05DCFFE7BDF91200404299
:10452000019003E0BDF912000190FFE701980390AC
:104530000398B42803DCFFE7002005902BE00398E4
:10454000B0F57A7F04DDFFE74FF47A700390FFE760
:104550000398B43800EE100AB8EEC00A9FED101AA6
:1045600080EE010A8DED020ABDF91200B0F1FF3FA5
:1045700007DCFFE79DED020AB1EE400A8DED000A6F
:1045800004E09DED020A8DED000AFFE79DED000AB3
:104590008DED050AFFE79DED050A06B0704700BFE7
:1045A00000004D440000000080B584B00290EFF39D
:1045B00005800390039820B1FFE76FF0050001909C
:1045C00009E000200190029820B1FFE7029802F074
:1045D00093FCFFE7FFE7019804B080BD00000000F6
:1045E00080B586B00490EFF305800590059820B162
:1045F000FFE76FF0050001901BE00020019003F041
:104600007BFD039004980399401A0290029858B1D8
:10461000FFE702990020B0EBD17F05D1FFE70299B7
:1046200003A802F0A1FC03E06FF003000190FFE794
:10463000FFE7019806B080BD80B582B0EFF305803A
:104640000190019820B1FFE703F062FD009003E0C4
:1046500003F052FD0090FFE7009802B080BD00001B
:1046600082B0EFF305800190019820B1FFE76FF071
:104670000500009014E040F22C00C2F20000006837
:1046800048B9FFE740F22C01C2F2000101200860A6
:104690000020009003E04FF0FF300090FFE7FFE7BD
:1046A000009802B07047000080B582B0EFF305803B
:1046B0000190019820B1FFE76FF00500009019E02C
:1046C00040F22C00C2F20000006801280DD1FFE783
:1046D000FCF702FB40F22C01C2F20001022008604C
:1046E00002F03AFD0020009003E04FF0FF30009010
:1046F000FFE7FFE7009802B080BD00000000000067
:10470000B0B58EB00B900A91099200200690EFF39D
:1047100005800D900D98002840F09980FFE70B98D8
:10472000002800F09480FFE7802007901820059073
:10473000002008904FF0FF300490099800284DD0D9
:10474000FFE70998006820B1FFE709980068089022
:10475000FFE70998806920B1FFE709988069059013
:10476000FFE7059848B1FFE70598382805D8FFE727
:1047700009980079C00718B1FFE700200C9069E0A4
:104780000998406928B1FFE70998406980080790B7
:10479000FFE70998806880B1FFE70998C0685C2846
:1047A0000BD3FFE70998006938B1FFE70998406922
:1047B00018B1FFE7012004900FE00998806858B90C
:1047C000FFE70998C06838B9FFE70998006918B988
:1047D000FFE700200490FFE7FFE702E000200490DD
:1047E000FFE70498012817D1FFE70B980899079A6B
:1047F0000A9BDDF814C0DDF824E0DEF80850DEF88E
:104800001040EE46CEF80850CEF80440CEF800C076
:1048100003F0EEFB069019E00498B0B9FFE70B989F
:104820000899BDF81C200A9BDDF814C0EE4606ACC2
:10483000CEF80440CEF800C003F08AFB012803D074
:10484000FFE700200690FFE7FFE7FFE7FFE7069896
:104850000C90FFE70C980EB0B0BD00000000000007
:1048600080B584B002900191029818B1FFE70198D9
:1048700020B9FFE700208DF80F00A3E0029849F669
:10488000B861C0F601016A46EBF7C6FD012827D1E1
:10489000FFE7009820B1FFE70098012807D1FFE764
:1048A00001990020087001208DF80F008AE000981F
:1048B000022806D1FFE70199012008708DF80F004A
:1048C00080E00098FE2807D1FFE70199FE200870DC
:1048D00001208DF80F0075E000208DF80F0071E0C9
:1048E000029849F64951C0F60101EBF76BFDD8B1CA
:1048F000FFE7029849F67451C0F60101EBF762FD3B
:1049000090B1FFE7029849F63261C0F60101EBF77A
:1049100059FD48B1FFE7029849F63661C0F601013A
:10492000EBF750FD38B9FFE701990020087001202E
:104930008DF80F0046E0029849F66551C0F6010176
:10494000EBF740FDD8B1FFE7029849F67951C0F680
:104950000101EBF737FD90B1FFE7029849F63461AA
:10496000C0F60101EBF72EFD48B1FFE7029849F6CA
:104970003B61C0F60101EBF725FD30B9FFE7019976
:10498000012008708DF80F001CE0029849F647518D
:10499000C0F60101EBF716FD48B1FFE7029849F6B2
:1049A0003061C0F60101EBF70DFD38B9FFE7019961
:1049B000FE20087001208DF80F0003E000208DF824
:1049C0000F00FFE79DF80F0004B080BD000000005D
:1049D00080B592B01190FFE709A8FAF7A5FA88B15F
:1049E000FFE701A8009009A92022EBF7C0FC00987E
:1049F00001F016FA28B1FFE7119901A8FDF778FE3A
:104A0000FFE7E9E712B080BD80B584B00390029162
:104A100045F20C60C2F200000068009040F62050A1
:104A2000C2F200000068043002F00AF808B9FFE79B
:104A300000E0FFE70398013080B9FFE7029868B112
:104A4000FFE740F62050C2F200000068011D45F269
:104A5000E450C2F2000002F09FF83DE00098039994
:104A600008440190019840F62051C2F20001096803
:104A700048600198009988420ED2FFE740F6305016
:104A8000C2F20000006840F62051C2F2000109683D
:104A9000043102F049F81EE040F62850C2F200004E
:104AA000006840F62051C2F200010968043102F0AA
:104AB0003BF8019845F27051C2F200010968884242
:104AC00007D2FFE7019845F27051C2F20001086079
:104AD00000E0FFE7FFE7FFE704B080BD0000000053
:104AE00080B582B0019002F083F844F63861C2F2DA
:104AF000000108680130086040F62050C2F2000052
:104B0000006898B9FFE7019840F62051C2F2000111
:104B1000086044F63860C2F200000068012803D142
:104B2000FFE700F005FB00E0FFE71CE045F2D8508E
:104B3000C2F200000068A0B9FFE740F62050C2F2C0
:104B400000000068C06A0199C96A884207D8FFE777
:104B5000019840F62051C2F20001086000E0FFE732
:104B600000E0FFE7FFE744F64460C2F2000001689E
:104B7000013101600068019948640198C06A44F6F7
:104B80004861C2F200010968884208D9FFE701982C
:104B9000C06A44F64861C2F200010860FFE701996B
:104BA000C86A00EB800240F63850C2F2000000EB09
:104BB0008200043101F0F0FF02F046F845F2D850CF
:104BC000C2F200000068C8B1FFE740F62050C2F210
:104BD00000000068C06A0199C96A88420CD2FFE7E8
:104BE0004EF60451CEF200014FF080500860BFF342
:104BF0004F8FBFF36F8F00E0FFE700E0FFE702B0E9
:104C000080BD00000000000080B584B001F0F0FF1E
:104C100045F21060C2F200000068002840D1FFE7B2
:104C200045F21050C2F20000029001F05DFF45F223
:104C30002450C2F20000039001F056FF029903983D
:104C400040F62452C2F20002116040F63451C2F222
:104C50000001086069460020086040F62C42C2F25C
:104C6000000240F6CC43C2F200030A20102102F0F9
:104C70006FFD014645F21060C2F20000016000685D
:104C800060B1FFE745F21060C2F2000000684AF22E
:104C90007701C0F6010102F0CFF800E0FFE700E085
:104CA000FFE701F0D1FF04B080BD0000000000006C
:104CB00080B582B0FFE744F63C60C2F200000068B5
:104CC00008B3FFE701F094FF45F2F850C2F200008C
:104CD000C068C06801900198043001F0B1FE44F64C
:104CE0003861C2F2000108680138086044F63C618E
:104CF000C2F2000108680138086001F0A5FF0198C0
:104D000000F092F8D7E702B080BD0000000000007C
:104D100080B582B0019000910198006CB8B1FFE7B6
:104D20000199C8680A6C1044C86001988168C0681D
:104D3000884204D3FFE701990868C86000E0FFE7F4
:104D40000098019AD168126CEBF711FBFFE702B0F3
:104D500080BD00000000000080B586B00590049181
:104D60000392002002900598806B01900598006CDA
:104D700078B9FFE70598006848B9FFE705988068AB
:104D800003F0BAFA029005990020886000E0FFE77E
:104D900041E00398B8B9FFE7059A04995068126C8E
:104DA000EBF7E5FA059948680A6C104448600599E4
:104DB00048688968884204D3FFE705990868486015
:104DC00000E0FFE726E0059A0499D068126CEBF743
:104DD000CEFA0599C8680A6C801AC86005980168FF
:104DE000C068884206D2FFE7059988680A6C801A75
:104DF000C86000E0FFE70398022809D1FFE70198A7
:104E000020B1FFE701980138019000E0FFE700E0E2
:104E1000FFE7FFE7FFE701980130059988630298F3
:104E200006B080BD0000000080B582B00090009800
:104E300090F8590040B9FFE70098006B01F02CFF93
:104E4000009801F029FF1CE0009890F85900012813
:104E500004D1FFE7009801F01FFF11E0009890F8DF
:104E6000590002280BD0FFE74FF0500080F3118863
:104E7000BFF36F8FBFF34F8F0190FFE7FEE7FFE7B0
:104E8000FFE702B080BD000082B0019040F62450E0
:104E9000C2F2000000680068B0FA80F04009019991
:104EA00008600198006848B9FFE740F62450C2F254
:104EB00000000068C0680068009002E000200090D8
:104EC000FFE7009802B0704784B04FF47050009034
:104ED00041F22E20C2F2000001909DF8040040072C
:104EE00088B1FFE7019807300190019820F0070092
:104EF0000190019A41F22E21C2F200010098891A14
:104F000008440090FFE701980290029945F2DC50B6
:104F1000C2F200000160002141600298009A104432
:104F20000190019808380190019820F00700019045
:104F3000019A40F62C50C2F20000026002685160F3
:104F400002681160029903910199039A891A5160CC
:104F50000068039908600398406845F26C51C2F2FA
:104F6000000108600398406845F26451C2F20001F4
:104F7000086045F23851C2F200014FF0004008606D
:104F800004B070470000000080B582B00190FFE7D8
:104F9000FFF78EFE40F63850C2F20000006802288B
:104FA0000CD3FFE74EF60451CEF200014FF08050D3
:104FB0000860BFF34F8FBFF36F8F00E0FFE7E7E7B5
:104FC00080B584B0DDF818C00390029101928DF88D
:104FD0000330029818B9FFE70698006003E00198D3
:104FE00006990860FFE703980699C8630298069936
:104FF00008640698012102F033FC9DF8030006992D
:1050000081F84C0004B080BD80B588B0DDF834C0B4
:10501000DDF830C0DDF82CC0DDF828C00690059121
:10502000049203930C98006B04998900A522EBF776
:10503000B0F90C98006B049900EB810004380290E1
:10504000029820F0070002909DF80800400758B130
:10505000FFE74FF0500080F31188BFF36F8FBFF36D
:105060004F8F0790FFE7FEE70598F8B1FFE70020B4
:105070000190FFE701980F2813D8FFE70598019AE0
:10508000805C0C99114481F8340005980199405CCA
:1050900008B9FFE705E0FFE7FFE70198013001905D
:1050A000E8E70C99002081F8430004E00C99002007
:1050B00081F83400FFE70A98382803D3FFE7372048
:1050C0000A9000E0FFE70A980C99C8620A980C99C8
:1050D000C8640C990020009008650C98043001F019
:1050E0001BFD0C98183001F017FD00980C99096110
:1050F0000A99C1F138010C9A91610C9949620C9995
:1051000048650C9981F8580002980699039A00F0B6
:10511000EFFC0C9908600B9820B1FFE70C980B99F5
:10512000086000E0FFE708B080BD0000000000005C
:1051300080B584B000200390FFE70398372810D88B
:10514000FFE7039800EB800140F63850C2F2000000
:1051500000EB810001F0C8FCFFE7039801300390E9
:10516000EBE745F23C50C2F20000019001F0BCFCBC
:1051700045F25050C2F20000029001F0B5FC45F239
:105180008450C2F2000001F0AFFC45F2F850C2F2C8
:10519000000001F0A9FC45F2E450C2F2000001F069
:1051A000A3FC0199029840F62852C2F20002116055
:1051B00040F63051C2F20001086004B080BD00002A
:1051C00083B0029045F2DC50C2F200000190FFE78C
:1051D000019800680299884205D2FFE7FFE701982D
:1051E00000680190F4E701980090009801994968DF
:1051F00008440299884209D1FFE702984268019960
:105200004868104448600198029000E0FFE7029867
:1052100000900098029949680844019909688842F9
:1052200020D1FFE70198006840F62C51C2F200013E
:10523000096888420DD0FFE701980068426802992A
:105240004868104448600198006800680299086046
:1052500007E040F62C50C2F2000000680299086096
:10526000FFE704E00198006802990860FFE70198F1
:105270000299884204D0FFE702980199086000E093
:10528000FFE703B07047000080B586B00590049139
:1052900003920293002001900498059948600598B4
:1052A000006104980399884216D8FFE70398029991
:1052B000401A05998969884203D3FFE701200190CC
:1052C00009E040F63450C2F200000068059904314C
:1052D00001F02AFCFFE717E003980299884208D200
:1052E000FFE704980299884203D3FFE70120019069
:1052F00009E040F62450C2F200000068059904312C
:1053000001F012FCFFE7FFE7019806B080BD000046
:1053100080B582B0019001F06BFC0198806B18B9E8
:10532000FFE70120009002E000200090FFE701F07D
:105330008BFC009802B080BD80B582B0019001F076
:1053400057FC0198806B0199C96B884203D1FFE734
:105350000120009002E000200090FFE701F074FCC3
:10536000009802B080BD000008480068006880F323
:1053700008884FF0000080F3148862B661B6BFF36E
:105380004F8FBFF36F8F00DF00BF000008ED00E01C
:1053900080B586B00490039140F62450C2F200001C
:1053A0000068C068C06801900198043001F048FBB3
:1053B000019890F828004007002823D5FFE70198BE
:1053C000049B81691944039AFFF75EFFC0B1FFE7B0
:1053D0000198049A694600230B60194603F07CF992
:1053E0000290029858B9FFE74FF0500080F31188FF
:1053F000BFF36F8FBFF34F8F0590FFE7FEE700E02D
:10540000FFE707E0019991F8280000F0FE0081F81D
:105410002800FFE70198016A884706B080BD0000B8
:1054200080B58EB0FFE745F21060C2F20000006860
:1054300007A9002202F034FC002800F0B880FFE742
:105440000798B0F1FF3F17DCFFE707A80430029090
:10545000029858B9FFE74FF0500080F31188BFF36E
:105460006F8FBFF34F8F0D90FFE7FEE702990A6839
:1054700048688968904700E0FFE70798002800F136
:105480009580FFE7099806900698406928B1FFE7E4
:105490000698043001F0D4FA00E0FFE705A800F018
:1054A000FFF8039007980190092800F27D80019988
:1054B000DFE801F00505053D456605053D45069912
:1054C00091F8280040F0010081F828000698089B18
:1054D00081691944039AFFF7D7FE30B3FFE70698B6
:1054E000016A8847069890F82800400700281AD5D6
:1054F000FFE70698089982690A44694600230B6011
:10550000194603F0E9F80490049858B9FFE74FF002
:10551000500080F31188BFF36F8FBFF34F8F0C9053
:10552000FFE7FEE700E0FFE700E0FFE73DE0069968
:1055300091F8280000F0FE0081F8280035E0069977
:1055400091F8280040F0010081F828000898069999
:1055500088610698806958B9FFE74FF0500080F3E2
:105560001188BFF36F8FBFF34F8F0B90FFE7FEE7FC
:105570000698039B816919441A46FFF785FE14E0DB
:10558000069890F828008007002804D4FFE70698C2
:1055900001F082FB07E0069991F8280000F0FE0078
:1055A00081F82800FFE700E0FFE7FFE73BE70EB0E8
:1055B00080BD00000000000080B584B0039002911F
:1055C00001F03AFE684600F06BF801900098D8BBF5
:1055D000FFE7029860B9FFE703980199884207D86E
:1055E000FFE702F069FF03980199FFF7D1FE2AE077
:1055F000029858B1FFE740F63450C2F2000000684C
:105600000068B0FA80F040090290FFE745F21060B0
:10561000C2F2000000680399019A891A029A01F007
:1056200037FC02F049FF60B9FFE74EF60451CEF2B5
:1056300000014FF080500860BFF34F8FBFF36F8FB2
:1056400000E0FFE7FFE702E002F036FFFFE704B00B
:1056500080BD00000000000081B040F62850C2F27A
:1056600000000068006840B9FFE745F27051C2F2DF
:1056700000014FF0FF3008600FE040F62850C2F202
:1056800000000068C068C06800900098406845F25B
:105690007051C2F200010860FFE701B070470000DE
:1056A00080B582B0019002F027FD0090009840F68E
:1056B0001C51C2F200010968884206D2FFE700F0DF
:1056C00013F801990120086003E0019900200860A7
:1056D000FFE7009840F61C51C2F2000108600098F4
:1056E00002B080BD0000000080B588B0FFE740F642
:1056F0002450C2F200000068006800284ED0FFE786
:1057000040F62450C2F200000168C9680968069199
:105710000068C068C06803900398043001F090F9F5
:105720000398016A8847039890F8280040070028EA
:1057300032D5FFE7069803998969084405900598D2
:10574000069988420FD9FFE70598039948600398A6
:10575000006140F62450C2F2000000680399043151
:1057600001F0E2F917E00398069A694600230B60FE
:10577000194602F0B1FF0290029858B9FFE74FF0C6
:10578000500080F31188BFF36F8FBFF34F8F0790E6
:10579000FFE7FEE7FFE700E0FFE7A8E740F6245257
:1057A000C2F200021068049040F63451C2F20001C7
:1057B000086810600498086008B080BD0000000010
:1057C00083B00020009040F21800C2F20000006890
:1057D000013058B1FFE74FF0500080F31188BFF35C
:1057E0006F8FBFF34F8F0290FFE7FEE74FF050003F
:1057F00080F31188BFF36F8FBFF34F8F0190FFE7E6
:10580000009808B9FFE7FBE703B07047000000000D
:1058100080B584B00390FFE701A8FFF735FB029045
:1058200002980199FFF7C8FEFFF7FAFDF4E70000C0
:1058300080B582B0019001F0DBF9019890F8450045
:105840008DF80300FFE79DF90300012816DBFFE751
:105850000198406A58B1FFE70198243002F0C4FD76
:1058600018B1FFE701F020FC00E0FFE700E005E0F1
:105870009DF8030001388DF80300E4E70199FF204B
:1058800081F8450001F0E0F901F0B2F9019890F8D3
:1058900044008DF80200FFE79DF90200012816DBA5
:1058A000FFE70198006980B1FFE70198103002F02E
:1058B0009BFD18B1FFE701F0F7FB00E0FFE79DF863
:1058C000020001388DF8020000E000E0E4E70199F1
:1058D000FF2081F8440001F0B7F902B080BD00005C
:1058E00082B00190ADF802109DF802000199087095
:1058F0009DF803000199487002B070470000000055
:1059000080B58AB006900020029001F095FC40F628
:105910002C50C2F20000006818B9FFE7FFF7D4FA74
:1059200000E0FFE7069845F23851C2F2000109682D
:10593000084240F0C580FFE7069800B3FFE70698ED
:10594000083006909DF818004007B0B1FFE70698B0
:1059500020F00700083006909DF81800400758B165
:10596000FFE74FF0500080F31188BFF36F8FBFF354
:105970004F8F0990FFE7FEE700E0FFE700E0FFE759
:105980000698002800F09A80FFE7069845F26451D7
:10599000C2F200010968884200F29080FFE745F2F8
:1059A000DC50C2F20000049000680590FFE7059803
:1059B0004168069A00209142019007D2FFE70598BE
:1059C0000068002818BF01200190FFE70198C00778
:1059D00030B1FFE705980490059800680590E6E768
:1059E000059840F62C51C2F200010968884263D044
:1059F000FFE7049800680830029005980068049951
:105A00000860059840680699401A112821D3FFE7DD
:105A100005980699084403909DF80C00400758B17A
:105A2000FFE74FF0500080F31188BFF36F8FBFF393
:105A30004F8F0890FFE7FEE7059840680699401AE7
:105A4000039948600698059948600398FFF7B8FBEA
:105A500000E0FFE70598426845F26450C2F200009A
:105A60000168891A0160006845F26C51C2F20001B8
:105A7000096888420BD2FFE745F26450C2F2000089
:105A8000006845F26C51C2F20001086000E0FFE7D7
:105A900045F23850C2F20000026805994868104388
:105AA000486005990020086045F27851C2F2000173
:105AB00008680130086000E0FFE700E0FFE700E071
:105AC000FFE702F0F9FC9DF80800400758B1FFE736
:105AD0004FF0500080F31188BFF36F8FBFF34F8FEB
:105AE0000790FFE7FEE702980AB080BD00000000C3
:105AF00083B00290019100920298043802900299BA
:105B00004FF080700860029804380290019820F0ED
:105B1000010002990860029804380290029945F247
:105B2000C170C0F601000860029814380290009815
:105B30000299086002980438029002996FF00200FE
:105B40000860029820380290029803B07047000065
:105B500080B584B08DF80F0002918DF807200020E9
:105B60000090FEF7B5FA9DF80F0000F061FE009876
:105B70008DF80600FFE79DF806009DF807108842A3
:105B80000EDAFFE7FF2000F053FE02999DF8062091
:105B90008854FFE79DF8060001308DF80600EAE71B
:105BA0000120FEF795FA04B080BD0000000000005F
:105BB00080B582B08DF807000020FEF789FA9DF8C5
:105BC000070000F01F0000F033FEFF2000F030FE61
:105BD0008DF806000120FEF77BFA9DF8060002B062
:105BE00080BD00000000000080B592B010908DF8DC
:105BF0003F108DF83E200E9300208DF8160010986F
:105C000020B1FFE71098006820B9FFE701208DF868
:105C10004700FEE040F62D01C2F200010191002094
:105C20000290C861886148610861C8608860486006
:105C3000086040F62C01C2F200010870F1F744FF41
:105C40000490FFE704982321FEF752FA002840F061
:105C5000DA80FFE71098049A0DF1170100F00CF9B3
:105C600008B1FFE7CFE09DF8160070B9FFE79DF897
:105C70001700FF2808D1FFE79DF817008DF81800DE
:105C800001208DF81600FFE7DCE79DF816000128DB
:105C900012D1FFE79DF81700FF2808D1FFE79DF814
:105CA00017008DF8190002208DF8160003E000207F
:105CB0008DF81600FFE7C5E79DF817008DF81A006C
:105CC000109806A90331049A00F0D6F808B1FFE74E
:105CD00099E09DF81B008DF815009DF81500043023
:105CE0008DF814009DF81500022805D3FFE79DF8F4
:105CF0001400212804D3FFE700208DF81600A1E747
:105D000004208DF80F00FFE79DF80F009DF8141098
:105D1000884215DAFFE710989DF80F2006A9114474
:105D2000049A00F0A9F820B1FFE703208DF847009E
:105D30006FE0FFE79DF80F0001308DF80F00E3E7FB
:105D40009DF8141006A8009000F096FD009A9DF8AA
:105D50001410114411F8011C884209D0FFE79DF886
:105D6000141006A800F0BCF800208DF8160069E7B2
:105D70009DF8141006A800F0B3F89DF81A009DF8DD
:105D80003F10884204D0FFE700208DF8160059E745
:105D90009DF83E00FF280DD0FFE79DF815009DF807
:105DA0003E100231C9B2884204D0FFE700208DF8CE
:105DB000160047E79DF83E0048B9FFE79DF81C0034
:105DC000012804D1FFE700208DF816003AE79DF87E
:105DD0001C00002818BF012010998871F1F774FE8B
:105DE0001099C8600E9828B1FFE79DF81C000E9925
:105DF0000870FFE710984079F9F75EFE10988079F7
:105E00008DF8470005E01099032088718DF8470050
:105E1000FFE79DF8470012B080BD000000000000C1
:105E200080B584B00390039801780020A5290290E2
:105E30001CD1FFE70398417800200129029015D179
:105E4000FFE7039881780020202902900ED1FFE718
:105E50000398C18B01911E21FDF7AAFF014601980D
:105E6000401AB0FA80F040090290FFE7029800F073
:105E7000010004B080BD000080B586B0049003919D
:105E80000292FFE702982321FEF732F900BBFFE7F9
:105E9000049800680068C06901909DF8040000073C
:105EA00028B1FFE70498006800F012FDEAE79DF8CA
:105EB0000400800600280AD5FFE7049800680068FF
:105EC000406A0399087000208DF8170004E0D9E7B4
:105ED00003208DF81700FFE79DF8170006B080BD7E
:105EE00080B582B001908DF803109DF80300212841
:105EF00004D3FFE720208DF80300FFE701999DF808
:105F0000032040F62D00C2F20000EAF730FA9DF8B7
:105F1000030040F62C01C2F20001087002B080BDFF
:105F200080B59CB01B901B9808B9FFE728E01B9830
:105F300090ED070A90ED081A90ED092A9FED113AAD
:105F400020EE030AB7EEC00A21EE031AB7EEC11A1B
:105F500022EE032AB7EEC22A684680ED042B80EDBC
:105F6000021B80ED000B49F6B242C0F6010207A801
:105F70000690502102F008FC0698FAF73DFBFFE777
:105F80001CB080BDE12E654270470000000000009B
:105F900080B59CB040F27030C2F20000036840F25D
:105FA0005C20C2F20000006840F2DC21C2F2000175
:105FB0000A6869464A60086049F6F332C0F6010291
:105FC00004A80390602102F0DFFB0398FAF714FBAA
:105FD00049F6C840C0F6010040F2F831C2F20001B3
:105FE00000F00EF849F6CD40C0F6010040F29841AD
:105FF000C2F2000100F004F800F0EEF81CB080BD21
:106000002DE9F04FEDB06C906B916B98EBF7A8FA1F
:106010006A905FA82C21EAF7C3F900205E905D909A
:106020005C905B902A906A9808B9FFE7D0E06B9883
:10603000F0F70AFB2A906B985FA9F0F745F96B9887
:106040005BA9F0F725F96C9B2A981B906A9816902B
:106050000268D0F804C0D0F808E0C4680569466951
:106060008769D0F82480D0F838905B981A905C98B3
:106070001990DDF87CA1DDF880B1629818906398E2
:106080001790649968461C90016417981C99C8631E
:1060900018991C98816319981C9948631A991C983F
:1060A00001631B981C99C1F82CB0C1F828A0C1F855
:1060B0002490C1F82080CF618E614D610C61C1F8E0
:1060C0000CE0C1F808C04A60086049F61C42C0F6FE
:1060D00001022BA82990C021269102F055FB299896
:1060E000FAF78AFA6C9B6A981D9090F83C4090F8F9
:1060F0003D5090F83E6090F83F7090F8408090F8E6
:10610000419090F842A090F843B0C269D0F820E0E6
:10611000C16A2791D0F830C0416B259190F84410A6
:10612000249190F84510239190F84610229190F810
:106130004710219190F84810209190F849101F9134
:1061400090F84A101E9190F84B0069462891086516
:106150001E992898C1641F982899886420992898C6
:10616000416421982899086422992898C16323984A
:106170002899886324992898416325982899086369
:1061800026992898C0F82CC02798DDF8A0C0CCF834
:1061900028002998CCF824B0CCF820A0CCF81C908A
:1061A000CCF81880CCF81470CCF81060CCF80C50F7
:1061B000CCF80840CCF804E0CCF8002049F2E962C1
:1061C000C0F6010202F0E0FA2998FAF715FAFFE7A3
:1061D0006DB0BDE8F08F0000B0B5EEB00020F8F76C
:1061E000CFF86D900120F8F7CBF86C90F1F76CFCCC
:1061F0006B9034A833906D9820B1FFE76D9840798B
:10620000329002E000203290FFE7329831906D9892
:1062100030B1FFE76B986D998968401A309002E0C1
:1062200000203090FFE730982F906D9820B1FFE765
:106230006D98007F2E9002E000202E90FFE72E98B0
:106240002D906D9830B1FFE76D9890ED060A8DEDB9
:106250002C0A04E09FED620A8DED2C0AFFE79DED0C
:106260002C0AB7EEC00A8DED2A0B6D9830B1FFE70E
:106270006D9890ED040A8DED290A04E09FED580A0F
:106280008DED290AFFE79DED290AB7EEC00A8DEDD5
:10629000260B6D9830B1FFE76D9890ED030A8DEDF8
:1062A000250A04E09FED4E0A8DED250AFFE79DEDDE
:1062B000250AB7EEC00A8DED220B6C9820B1FFE7DE
:1062C0006C984079219002E000202190FFE721980E
:1062D00020906C9830B1FFE76B986C998968401AF0
:1062E0001F9002E000201F90FFE71F981E906C98FF
:1062F00020B1FFE76C98007F1D9002E000201D9008
:10630000FFE71D981C906C9830B1FFE76C9890EDFA
:10631000060A8DED1B0A04E09FED310A8DED1B0A84
:10632000FFE79DED1B0AB7EEC00A8DED180B6C98C8
:1063300030B1FFE76C9890ED040A8DED170A04E088
:106340009FED270A8DED170AFFE79DED170AB7EEBF
:10635000C00A8DED140B6C9830B1FFE76C9890ED8E
:10636000030A8DED130A04E09FED1D0A8DED130A5B
:10637000FFE7319B33982F99DDF8B4C09DED2A0BD0
:106380009DED261B9DED222BDDF880E01E9C1C9DC3
:106390009DED183B9DED144B9DED135AB7EEC55A7C
:1063A0006A4682ED105B82ED0E4B82ED0C3B9562EE
:1063B0005462C2F820E082ED062B82ED041B82EDD0
:1063C000020BC2F804C0116049F61902C0F60102BE
:1063D000DC2102F0D9F934A8FAF70EF96EB0B0BD9D
:1063E000000000000000000010B590B08C4686460A
:1063F00013981299CDF838E08DF837C00C928DF8CB
:106400002F308DF82E108DF82D009DF82F000630BE
:106410008DF80C000E9828B1FFE79DF80C0021289C
:1064200004D3FFE701208DF83F004AE0FF208DF8FC
:106430000D008DF80E000E9800798DF80F009DF874
:106440002F0002308DF810009DF837008DF81100F4
:106450009DF82F0048B1FFE70DF10D0005300C99B4
:106460009DF82F20E9F783FFFFE79DF80C100DF151
:106470000D00029000F000FA02999DF80C200A44E9
:1064800002F8010C0E989DF80C20FDF775FB20B169
:10649000FFE701208DF83F0013E09DF82D0048B183
:1064A000FFE70E9801799DF82E200023FFF79CFB53
:1064B000019002E000200190FFE701988DF83F0075
:1064C000FFE79DF83F0010B010BD00000000000085
:1064D00080B5B6B035903491349A2CA820219047DD
:1064E0008DF8AF009DF8AF0008B9FFE754E0359B89
:1064F00049F66752C0F601020DF10F00A02102F02B
:1065000043F9ADF80C0000208DF80B00FFE79DF873
:106510000B109DF8AF2000209142019008DAFFE7B0
:10652000BDF80C1000209B2938BF01200190FFE727
:106530000198C007F0B1FFE7BDF80C100DF10F0096
:106540000844C1F1A0019DF80B302CAAD35C49F698
:10655000D242C0F6010202F017F90146BDF80C0064
:106560000844ADF80C00FFE79DF80B0001308DF8F2
:106570000B00CCE7BDF80C100DF10F0000900844A3
:10658000C1F1A00149F6AF42C0F6010202F0FCF8E9
:106590000098FAF731F8FFE736B080BD0000000040
:1065A00010B5B2B031908DF8C310319820B1FFE72B
:1065B0009DF8C30060B1FFE79DF8C33049F6ED22B6
:1065C000C0F601020DF12300A02102F0DDF827E062
:1065D000319C6288B4F804C0B4F806E0237861788E
:1065E000207A647A00EE100AB8EE400A9FED0F1A86
:1065F00020EE010AB7EEC00A68468461C0F80CE0DC
:10660000C0F808C04260016080ED040B49F67622B4
:10661000C0F601020DF12300A02102F0B5F8FFE75A
:106620000DF12300F9F7E8FF32B010BDCDCCCC3D21
:1066300080B5A0B00020F9F75FF88DF87F009DF8D5
:106640007F006946086049F62732C0F601020DF165
:106650001E000490602102910123039302F094F83C
:106660000498F9F7C9FF49F61F60C0F601004FF220
:106670005161C0F600010591FFF72AFF49F60E604F
:10668000C0F601004FF2F951C0F600010691FFF784
:106690001FFF0398F9F730F80299039B024604980C
:1066A0008DF87E209DF87E20EC46CCF8002049F63F
:1066B0004D32C0F6010202F067F80498F9F79CFF2A
:1066C000059949F62760C0F60100FFF701FF06991A
:1066D00049F61660C0F60100FFF7FAFE20B080BD53
:1066E00080B59CB01B908DF86B108DF86A201B98BC
:1066F00003909DF86B0000F077F804909DF86B0014
:1067000000F03AF8039B024604989DF86AC0694677
:10671000C1F808C04A60086049F67332C0F6010249
:106720000DF11A000590502102F02EF80598F9F7A6
:1067300063FF1CB080BD000082B0ADF80600ADF86C
:106740000410BDF80600BDF80410884207DDFFE71D
:10675000BDF80600BDF80410401A009006E0BDF830
:106760000400BDF80610401A0090FFE7009880B2C0
:1067700002B070470000000081B08DF802009DF863
:106780000200FE2804D1FFE7FE208DF8030003E09D
:1067900001208DF80300FFE79DF8030001B070476A
:1067A00081B08DF802009DF80200012805D0FFE7B6
:1067B0009DF80200022804D1FFE701208DF80300B4
:1067C0000CE09DF80200FE2804D1FFE7FE208DF8C2
:1067D000030003E000208DF80300FFE79DF80300AD
:1067E00001B070470000000082B08DF803009DF8F2
:1067F0000300012806D1FFE749F67950C0F60100F1
:10680000019010E09DF80300FE2806D1FFE749F64D
:106810004750C0F60100019005E049F67450C0F6FB
:1068200001000190FFE7019802B0704700000000EE
:1068300080B582B08DF8070000208DF8060040F684
:106840002C20C2F2000000686A460A2111600DF196
:1068500007010DF106020123F4F766FC38B1FFE7EA
:1068600040F62821C2F2000100200870FFE79DF8E1
:10687000060002B080BD000083B002908DF80710C2
:106880000020ADF8040002208DF80300FFE79DF81A
:1068900003009DF807100139C9B2884210DAFFE7FA
:1068A00002989DF80310415CBDF804000844ADF85F
:1068B0000400FFE79DF8030001308DF80300E6E7D0
:1068C0009DF8040080F0FF0003B070470000000056
:1068D00082B00190019820B1FFE70198006808B9E3
:1068E000FFE711E001980068C06900909DF8000082
:1068F000000748B1FFE7019801680F20086201997D
:106900000020C1F89000FFE702B0704700000000CF
:1069100080B584B0039002910192029803990860B7
:1069200001980399486003990020009088600399BA
:10693000C86003990861039A0C2151610399886129
:106940000399C861039908620399486203998862B0
:106950000398F5F765FF18B1FFE7EBF7F1FCFFE7E8
:1069600003980021F5F7A8FA18B1FFE7EBF7E8FC68
:10697000FFE703980021F5F757FA18B1FFE7EBF7A7
:10698000DFFCFFE70398F5F793F918B1FFE7EBF7A2
:10699000D7FCFFE704B080BD80B584B003904020F1
:1069A0000290039820B1FFE70398006808B9FFE759
:1069B00020E00398FFF78CFFFFE703980068C169A8
:1069C000002089060029019006D5FFE702980028DB
:1069D00018BF01200190FFE70198C00750B1FFE701
:1069E00003980068406A0298013802900398FFF704
:1069F0006FFFE2E704B080BD81B08DF80300ADF811
:106A000000109DF8030040B9FFE7BDF8000040F218
:106A10000C01C2F2000108800DE09DF8030001287E
:106A200008D1FFE7BDF8000040F20C01C2F20001FE
:106A30004880FFE7FFE701B070470000000000005A
:106A400082B00190019800690090019841688068C7
:106A50008860019948688968486000984068019991
:106A6000884205D1FFE7019880680099486000E0FE
:106A7000FFE7019900200861009908680138086063
:106A80000098006802B0704783B0029001910092B4
:106A9000029945F24C00C2F200000860019944F6E8
:106AA0004C60C2F20000086000998020086003B0CA
:106AB000704700000000000083B002900191009236
:106AC000029945F2A840C2F200000860019945F21F
:106AD000A800C2F20000086000994FF480700860BE
:106AE00003B070470000000081B00090009901F1F0
:106AF0000800486000994FF0FF308860009901F16C
:106B00000800C860009901F10800086100990020A0
:106B1000086001B07047000081B00090009900202B
:106B2000086101B07047000084B0039002910298A0
:106B3000006800900098013020B9FFE703980069D1
:106B4000019010E0039808300190FFE70198406839
:106B500000680099884205D8FFE7FFE70198406880
:106B60000190F3E7FFE701984068029948600298B6
:106B7000416888600198029988600298019948608C
:106B8000039802990861039908680130086004B00D
:106B9000704700000000000083B00290019102984D
:106BA00040680090009801994860009880680199B9
:106BB0008860019800998968486001980099886008
:106BC000029801990861029908680130086003B0D1
:106BD0007047000000000000DFF80C00016841F47D
:106BE000700101607047000088ED00E000000000C7
:106BF00082B04FF0500080F31188BFF36F8FBFF366
:106C00004F8F019040F21800C2F20000016801317C
:106C100001600068012814D1FFE74EF60450CEF25F
:106C200000000068000658B1FFE74FF0500080F305
:106C30001188BFF36F8FBFF34F8F0090FFE7FEE720
:106C4000FFE702B07047000082B040F21800C2F2C5
:106C50000000006858B9FFE74FF0500080F311883A
:106C6000BFF36F8FBFF34F8F0090FFE7FEE740F257
:106C70001800C2F20000016801390160006830B9F3
:106C8000FFE700200190019880F31188FFE702B030
:106C9000704700000000000080B586B003900398A4
:106CA0000290039800285CD0FFE702980838029011
:106CB000029801900198406845F23851C2F20001F3
:106CC000096808420BD1FFE74FF0500080F31188AC
:106CD000BFF36F8FBFF34F8F0590FFE7FEE701987B
:106CE000006858B1FFE74FF0500080F31188BFF300
:106CF0006F8FBFF34F8F0490FFE7FEE70198406866
:106D000045F23851C2F200010968084227D0FFE776
:106D10000198006808BBFFE745F23850C2F2000056
:106D20000268019948689043486000F085FA01982C
:106D3000426845F26451C2F20001086810440860DC
:106D40000198FEF73DFA45F27C51C2F20001086855
:106D50000130086001F0B0FB00E0FFE700E0FFE772
:106D6000FFE706B080BD00004EF21001CEF2000138
:106D7000002008604EF21802CEF20002106040F2CD
:106D80000400C2F20000006844F6D352C1F262026D
:106D9000A0FB02024FF0FF3000EB92104EF2140203
:106DA000CEF200021060072008607047000000006B
:106DB00084B0EFF305800190019810281ED3FFE7FF
:106DC00001984EF2F031CEF20001405C8DF80300E4
:106DD0009DF8030044F62E61C2F200010978884252
:106DE0000BDAFFE74FF0500080F31188BFF36F8F8D
:106DF000BFF34F8F0390FFE7FEE7FFE74EF60C501F
:106E0000CEF20000006800F4E06044F63061C2F2A7
:106E10000001096888420BD9FFE74FF0500080F36A
:106E20001188BFF36F8FBFF34F8F0290FFE7FEE72C
:106E300004B070470000000083B002900191002070
:106E40000090FFE7009807281DD8FFE7009945F25A
:106E50009850C2F2000050F8310070B9FFE7019875
:106E6000009A45F29851C2F2000141F832000298AE
:106E7000009A01EBC201486005E0FFE7FFE70098D8
:106E800001300090DEE703B0704700000000000012
:106E900080B584B003900291019203980090FFF7AF
:106EA000A7FE009890F94400013028B9FFE7009947
:106EB000002081F84400FFE7009890F94500013078
:106EC00028B9FFE70099002081F84500FFE7FFF7A8
:106ED000BBFE0098806B38B9FFE700982430029918
:106EE000019A00F00DF900E0FFE70098FEF7A0FC22
:106EF00004B080BD0000000080B584B00290002086
:106F000001900298E0B1FFE744F64060C2F2000051
:106F1000006858B1FFE74FF0500080F31188BFF3CD
:106F20006F8FBFF34F8F0390FFE7FEE700F084F908
:106F300002980021FDF768FD01F0BEFA019000E023
:106F4000FFE7019860B9FFE74EF60451CEF2000169
:106F50004FF080500860BFF34F8FBFF36F8F00E09A
:106F6000FFE704B080BD000080B58AB006900591AF
:106F700000200290069858B9FFE74FF0500080F3C8
:106F80001188BFF36F8FBFF34F8F0990FFE7FEE7C4
:106F9000059858B9FFE74FF0500080F31188BFF310
:106FA0006F8FBFF34F8F0890FFE7FEE744F6406016
:106FB000C2F20000006858B1FFE74FF0500080F3C4
:106FC0001188BFF36F8FBFF34F8F0790FFE7FEE786
:106FD00000F032F945F20C60C2F200000068019046
:106FE0000698006805990844049001980699096874
:106FF000884210D2FFE7049806990968884208D2AF
:10700000FFE704980199884203D9FFE70120029025
:1070100000E0FFE70FE0049806990968884205D36D
:10702000FFE704980199884203D9FFE70120029005
:1070300000E0FFE7FFE7049806990860029838B17E
:10704000FFE704980199401A0021FDF7DDFC00E0FC
:10705000FFE701F031FA0390039860B9FFE74EF6BD
:107060000451CEF200014FF080500860BFF34F8F03
:10707000BFF36F8F00E0FFE70AB080BD00000000A3
:1070800081B0009045F27450C2F20000006800998F
:10709000086045F20C60C2F2000000680099486088
:1070A00001B070470000000045F21861C2F2000113
:1070B000012008607047000080B584B00290019103
:1070C000029858B9FFE74FF0500080F31188BFF3E2
:1070D0006F8FBFF34F8F0390FFE7FEE7029840F6F4
:1070E0002051C2F2000109681831FFF71DFD019817
:1070F0000121FDF789FC04B080BD00000000000004
:1071000080B584B0029001910092029858B9FFE7CF
:107110004FF0500080F31188BFF36F8FBFF34F8F94
:107120000390FFE7FEE7029840F62051C2F200010B
:1071300009681831FFF730FD009820B1FFE74FF0E4
:10714000FF300190FFE701980099FDF75DFC04B066
:1071500080BD00000000000080B58AB000200390D0
:107160000690059006A805A904AAFFF78DFC039BCD
:10717000049A0599DDF818C06846C0F808C0416057
:10718000036044F68970C0F601004AF27201C0F64D
:10719000010100F02DFF014645F26850C2F20000E7
:1071A0000160006818B1FFE70120079002E00020AD
:1071B0000790FFE70798012804D1FFE701F040FAA4
:1071C000079000E0FFE70798012823D1FFE74FF081
:1071D000500080F31188BFF36F8FBFF34F8F09907A
:1071E00045F27051C2F200014FF0FF30086045F2E5
:1071F000D851C2F200010120086045F20C61C2F2D0
:1072000000010020086000F0D7F908B1FFE700E0B6
:10721000FFE70FE00798013058B9FFE74FF0500043
:1072200080F31188BFF36F8FBFF34F8F0890FFE794
:10723000FEE7FFE70AB080BD44F64061C2F20001FC
:10724000086801300860704783B044F64060C2F2BD
:107250000000006838B1FFE745F21861C2F2000192
:107260000120086051E045F21861C2F200010020DF
:10727000086044F64860C2F2000000680190FFE731
:10728000019800EB800140F63850C2F2000050F83F
:10729000210090B9FFE7019858B9FFE74FF050007F
:1072A00080F31188BFF36F8FBFF34F8F0290FFE71A
:1072B000FEE7019801380190E2E7019800EB8001B8
:1072C00040F63850C2F2000000EB810000900099B7
:1072D000486840684860009948680831884205D18C
:1072E000FFE70099486840684860FFE700984068F9
:1072F000C06840F62051C2F200010860019844F6CF
:107300004861C2F200010860FFE703B07047000067
:1073100080B586B00490ADF80E10049820B1FFE758
:10732000BDF80E0020B9FFE701208DF8170045E0F9
:10733000F0F7CAFB0290FFE700F046F860B9FFE7FC
:10734000F0F7C2FB0299401A142804D3FFE7022089
:107350008DF8170032E0EFE7FFE740F28870C2F2E5
:107360000000D0F8880020280ED0FFE7F0F7ACFB33
:107370000299401A142806D3FFE700F045F80220CE
:107380008DF817001AE0E8E7F0F79EFB0299401A23
:1073900001900499BDF80E200198C0F1140340F249
:1073A0008870C2F20000F5F70FFC8DF8030000F0C2
:1073B0002BF89DF803008DF81700FFE79DF81700E4
:1073C00006B080BD0000000082B000208DF80300F0
:1073D000EFF3108072B6019045F20450C2F2000043
:1073E000007848B9FFE745F20451C2F200010120DC
:1073F00008708DF80300FFE762B69DF8030002B045
:10740000704700000000000081B0EFF3108072B6FA
:10741000009045F20451C2F200010020087062B6EB
:1074200001B070470000000080B584B08DF80F00F7
:1074300002918DF8072000200090FCF749FE9DF88E
:107440000F00012161F35F10FFF7F2F900988DF84A
:107450000600FFE79DF806009DF8071088420DDA48
:10746000FFE702989DF80610405CFFF7E1F9FFE79F
:107470009DF8060001308DF80600EBE70120FCF7CF
:1074800027FE04B080BD000080B588B00790ADF83D
:107490001A10ADF81820ADF81630BDF81A00B0F586
:1074A000805F05D3FFE740F6FF70ADF81A00FFE7F5
:1074B00029208DF80E001E208DF80F000DF10E0012
:1074C00002900230BDF81A10FEF70AFA0298043052
:1074D000BDF81810FEF704FA02980630BDF8161031
:1074E000FEF7FEF9029A07986B46012159600021C8
:1074F000196003210823FEF777FF08B080BD000064
:1075000080B584B08DF80F008DF80E1040F6242061
:10751000C2F2000000689DF80F20EC461421CCF860
:1075200008100123CCF804300DF10E01CCF8001046
:10753000D021F0F745FD04B080BD00000000000040
:1075400080B582B08DF807008DF806100020FCF79A
:10755000BFFD9DF807000121009161F35F10FFF767
:1075600067F99DF80600FFF763F90098FCF7B0FD96
:1075700002B080BD0000000080B586B005908DF897
:1075800013108DF812208DF811309DF813008DF82E
:107590000F009DF812008DF8100005989DF811104D
:1075A0006A4651600021116003210DF10F02022390
:1075B000FEF71AFF06B080BD80B588B04EF60050C9
:1075C000CEF2000000684CF27121C4F20F11884223
:1075D0000BD1FFE74FF0500080F31188BFF36F8F9E
:1075E000BFF34F8F0790FFE7FEE74EF60050CEF255
:1075F000000000684CF27021C4F20F1188420BD1D8
:10760000FFE74FF0500080F31188BFF36F8FBFF397
:107610004F8F0690FFE7FEE74EF20040CEF20000EB
:10762000039001780491FF21017000788DF80B0020
:107630009DF80B0000F0500044F62E61C2F20001EC
:10764000087044F63061C2F2000107200860FFE7CD
:107650009DF80B00000600280DD5FFE744F63061C9
:10766000C2F200010868013808609DF80B00400074
:107670008DF80B00ECE744F63060C2F200000068C1
:1076800003280BD0FFE74FF0500080F31188BFF3C1
:107690006F8FBFF34F8F0590FFE7FEE744F6306131
:1076A000C2F20001086800020860086800F4E060A7
:1076B000086004984EF20041CEF2000108704EF6C8
:1076C0002051CEF20001086840F47000086008689C
:1076D00040F070400860FFF747FB40F21801C2F22B
:1076E0000001002001900860FFF776FA4EF6347131
:1076F000CEF20001086840F040400860FDF734FE1B
:10770000FFF7A2FDFEF75CF8019808B080BD00000D
:1077100080B582B04FF0500080F31188BFF36F8FB7
:10772000BFF34F8F009000F003FD40B1FFE74EF62E
:107730000451CEF200014FF080500860FFE70020B6
:107740000190019880F3118802B080BD0000000014
:1077500080B590B084461298CDF828C0099108925F
:1077600007938DF81B000A9858B9FFE74FF05000B7
:1077700080F31188BFF36F8FBFF34F8F0F90FFE738
:10778000FEE7079858B9FFE74FF0500080F31188E3
:10779000BFF36F8FBFF34F8F0E90FFE7FEE708999F
:1077A0000020039031B1FFE70998B0FA80F040095A
:1077B0000390FFE70398C00758B1FFE74FF0500070
:1077C00080F31188BFF36F8FBFF34F8F0D90FFE7EA
:1077D000FEE708990020029031B9FFE709980028D8
:1077E00018BF01200290FFE70298C00758B1FFE7D9
:1077F0004FF0500080F31188BFF36F8FBFF34F8FAE
:107800000C90FFE7FEE750200490049850280BD01E
:10781000FFE74FF0500080F31188BFF36F8FBFF385
:107820004F8F0B90FFE7FEE70498079805900598A7
:1078300088B1FFE70599012081F846000A98099967
:10784000089A9DF81B30DDF814C0EE46CEF800C053
:10785000FDF7B6FB00E0FFE7059810B080BD000023
:1078600080B584B00290019102980090009858B9B8
:10787000FFE74FF0500080F31188BFF36F8FBFF325
:107880004F8F0390FFE7FEE7FFF7B2F900990B680F
:10789000C86B0A6C00FB0230886000990020886386
:1078A00000990868486000990B68C86B0A6C013839
:1078B00000FB0230C8600099FF2081F84400009965
:1078C00081F845000198D0B9FFE700980069A0B1A0
:1078D000FFE70098103000F087FD60B1FFE74EF63B
:1078E0000451CEF200014FF080500860BFF34F8F7B
:1078F000BFF36F8F00E0FFE700E0FFE708E00098CC
:107900001030FFF7F1F800982430FFF7EDF8FFE7AB
:10791000FFF79AF9012004B080BD000000000000CC
:1079200080B592B00C900B910A92099300200890B8
:107930000C980490049858B9FFE74FF0500080F37A
:107940001188BFF36F8FBFF34F8F1190FFE7FEE7F2
:107950000B990020039039B9FFE70498006C0028C8
:1079600018BF01200390FFE70398C00758B1FFE755
:107970004FF0500080F31188BFF36F8FBFF34F8F2C
:107980001090FFE7FEE7099900200229029007D135
:10799000FFE70498C06B013818BF01200290FFE791
:1079A0000298C00758B1FFE74FF0500080F31188EC
:1079B000BFF36F8FBFF34F8F0F90FFE7FEE700F02D
:1079C0007FFB01460020019031B9FFE70A980028AB
:1079D00018BF01200190FFE70198C00758B1FFE7E9
:1079E0004FF0500080F31188BFF36F8FBFF34F8FBC
:1079F0000E90FFE7FEE7FFE7FFF7FAF80498806BC9
:107A00000499C96B884204D3FFE70998022834D14E
:107A1000FFE704980B99099AFDF79EF907900498DF
:107A2000406AA0B1FFE70498243000F0DDFC60B1AB
:107A3000FFE74EF60451CEF200014FF0805008608F
:107A4000BFF34F8FBFF36F8F00E0FFE710E00798A1
:107A500060B1FFE74EF60451CEF200014FF08050C6
:107A60000860BFF34F8FBFF36F8F00E0FFE7FFE7C2
:107A7000FFF7EAF801200D9065E00A9828B9FFE7C2
:107A8000FFF7E2F800200D905DE0089830B9FFE7BD
:107A900005A8FFF7F5FA0120089000E0FFE7FFE7EF
:107AA000FFE7FFF7D1F8FFF7C7FBFFF7A1F804984E
:107AB00090F94400013028B9FFE70499002081F8CB
:107AC0004400FFE7049890F94500013028B9FFE72A
:107AD0000499002081F84500FFE7FFF7B5F805A8F5
:107AE0000AA900F0CDF928BBFFE70498FDF724FCB4
:107AF000C8B1FFE7049810300A99FFF7DDFA04983F
:107B0000FDF796FE00F0D8FC60B9FFE74EF6045191
:107B1000CEF200014FF080500860BFF34F8FBFF3EB
:107B20006F8FFFE705E00498FDF782FE00F0C4FCCC
:107B3000FFE707E00498FDF77BFE00F0BDFC0020A6
:107B40000D9000E058E70D9812B080BD00000000D5
:107B500080B592B00B900A91099208930B9805900A
:107B6000059858B9FFE74FF0500080F31188BFF334
:107B70006F8FBFF34F8F0E90FFE7FEE70A9900204B
:107B8000029039B9FFE70598006C002818BF012062
:107B90000290FFE70298C00758B1FFE74FF050008E
:107BA00080F31188BFF36F8FBFF34F8F0D90FFE706
:107BB000FEE7089900200229019007D1FFE7059808
:107BC000C06B013818BF01200190FFE70198C00782
:107BD00058B1FFE74FF0500080F31188BFF36F8F6B
:107BE000BFF34F8F0C90FFE7FEE7FFF7E1F8EFF3ED
:107BF00011814FF0500080F31188BFF36F8FBFF3F6
:107C00004F8F10910F90109806900598806B0599F2
:107C1000C96B884204D3FFE70898022833D1FFE7F5
:107C2000059890F845008DF813000598806B039037
:107C300005980A99089AFDF78FF89DF9130001300D
:107C4000B8B9FFE70598406A88B1FFE70598243086
:107C500000F0CAFB48B1FFE7099820B1FFE7099996
:107C60000120086000E0FFE700E0FFE700E0FFE739
:107C700006E09DF813000130059981F84500FFE703
:107C80000120079002E000200790FFE7069811907E
:107C9000119880F31188079812B080BD0000000091
:107CA00080B58EB00990089107920020069009983F
:107CB0000390039858B9FFE74FF0500080F3118804
:107CC000BFF36F8FBFF34F8F0D90FFE7FEE708996B
:107CD0000020019039B9FFE70398006C002818BF15
:107CE00001200190FFE70198C00758B1FFE74FF06E
:107CF000500080F31188BFF36F8FBFF34F8F0C904C
:107D0000FFE7FEE700F0DCF901460020009031B902
:107D1000FFE70798002818BF01200090FFE70098B0
:107D2000C00758B1FFE74FF0500080F31188BFF350
:107D30006F8FBFF34F8F0B90FFE7FEE7FFE7FEF774
:107D400057FF0398806B0290029830B3FFE70398C7
:107D50000899FCF7DDFF02980138039988630398BE
:107D60000069A0B1FFE70398103000F03DFB60B15F
:107D7000FFE74EF60451CEF200014FF0805008604C
:107D8000BFF34F8FBFF36F8F00E0FFE700E0FFE727
:107D9000FEF75AFF01200A906DE0079828B9FFE727
:107DA000FEF752FF00200A9065E0069830B9FFE721
:107DB00004A8FFF765F90120069000E0FFE7FFE760
:107DC000FFE7FEF741FFFFF737FAFEF711FF0398D1
:107DD00090F94400013028B9FFE70399002081F8A9
:107DE0004400FFE7039890F94500013028B9FFE708
:107DF0000399002081F84500FFE7FEF725FF04A85E
:107E000007A900F03DF830BBFFE70398FDF780FAC3
:107E1000D0B1FFE7039824300799FFF74DF9039895
:107E2000FDF706FD00F048FB60B9FFE74EF6045190
:107E3000CEF200014FF080500860BFF34F8FBFF3C8
:107E40006F8F00E0FFE705E00398FDF7F1FC00F01D
:107E500033FBFFE70EE00398FDF7EAFC00F02CFB94
:107E60000398FDF755FA18B1FFE700200A9002E0E9
:107E7000FFE7FFE763E70A980EB080BD000000004F
:107E800080B588B005900491059858B9FFE74FF088
:107E9000500080F31188BFF36F8FBFF34F8F0790AF
:107EA000FFE7FEE7049858B9FFE74FF0500080F372
:107EB0001188BFF36F8FBFF34F8F0690FFE7FEE788
:107EC000FEF796FE45F20C60C2F2000000680290D8
:107ED000029805994968401A019004980068013099
:107EE00018B9FFE7002003902BE045F27450C2F26E
:107EF0000000006805990968884209D0FFE70298E8
:107F000005994968884203D3FFE70120039017E0F1
:107F100001980499096888420BD2FFE7019A0499F5
:107F20000868801A08600598FFF7AAF800200390F7
:107F300005E004990020086001200390FFE7FFE7B7
:107F4000FFE7FEF781FE039808B080BD0000000047
:107F500070B58CB0DDF844C0DDF840C00B900A91DC
:107F6000ADF826200893BDF826008000FDF7C8FC78
:107F70000590059880B1FFE75C20FDF7C1FC0790F4
:107F8000079820B1FFE705980799086303E0059873
:107F9000FEF782FEFFE702E000200790FFE7079868
:107FA000F0B1FFE70798002680F859600B980A990E
:107FB000BDF82620089BDDF840C0119C079DEE46C9
:107FC000CEF80C60CEF80850CEF80440CEF800C0D1
:107FD000FDF71AF80798FCF783FD0120069003E0EF
:107FE0004FF0FF300690FFE706980CB070BD000020
:107FF000B0B58EB0DDF850C0DDF84CC0DDF848C03B
:108000000A90099108920793139858B9FFE74FF027
:10801000500080F31188BFF36F8FBFF34F8F0D9027
:10802000FFE7FEE7149858B9FFE74FF0500080F3E0
:108030001188BFF36F8FBFF34F8F0C90FFE7FEE700
:108040005C20049004985C280BD0FFE74FF05000B0
:1080500080F31188BFF36F8FBFF34F8F0B90FFE753
:10806000FEE70498149820B3FFE7139808B3FFE7DE
:10807000149806901398069908630699022081F8CF
:1080800059000A980999089A079BDDF848C0069C90
:10809000EE460025CEF80C50CEF8084005ACCEF8E0
:1080A0000440CEF800C0FCF7AFFF0698FCF718FDBF
:1080B00002E000200590FFE705980EB0B0BD00007B
:1080C00081B045F2D850C2F20000006818B9FFE74D
:1080D000012000900DE044F64060C2F2000000680C
:1080E00018B9FFE70220009002E000200090FFE7AF
:1080F000FFE7009801B0704781B045F20C60C2F212
:10810000000000680090009801B070470000000077
:1081100080B582B0FEF74CFE0020009045F20C6066
:10812000C2F2000000680190019802B080BD00001A
:1081300080B586B00020029044F64060C2F2000094
:108140000068002840F0CB80FFE745F20C61C2F2E6
:10815000000108680130019001980860019858BB3F
:10816000FFE740F62850C2F200000068006858B1EE
:10817000FFE74FF0500080F31188BFF36F8FBFF31C
:108180004F8F0590FFE7FEE740F62852C2F200024B
:108190001068009040F63051C2F20001086810608B
:1081A0000098086045F27451C2F20001086801307D
:1081B0000860FDF751FA00E0FFE7019845F27051C1
:1081C000C2F200010968884268D3FFE7FFE740F682
:1081D0002850C2F200000068006840B9FFE745F28D
:1081E0007051C2F200014FF0FF30086055E040F6D8
:1081F0002850C2F200000068C068C068049004986B
:108200004068039001980399884207D2FFE70398DA
:1082100045F27051C2F2000108603EE0FFE70498A9
:108220000430FEF70DFC0498806A28B1FFE704983B
:108230001830FEF705FC00E0FFE70498C06A44F63A
:108240004861C2F200010968884208D9FFE7049832
:10825000C06A44F64861C2F200010860FFE7049971
:10826000C86A00EB800240F63850C2F2000000EB12
:1082700082000431FEF790FC0498C06A40F6205159
:10828000C2F200010968C96A884203D3FFE70120EE
:10829000029000E0FFE7FFE799E7FFE740F6205094
:1082A000C2F200000068C06A00EB800140F638505E
:1082B000C2F2000050F82100022803D3FFE701209A
:1082C000029000E0FFE745F21860C2F2000000688B
:1082D00018B1FFE70120029000E0FFE707E045F258
:1082E0008051C2F20001086801300860FFE702987F
:1082F00006B080BD0000000080B586B003900398F2
:108300000290002001900398002867D0FFE70298B0
:1083100040F62051C2F20001096888420BD0FFE705
:108320004FF0500080F31188BFF36F8FBFF34F8F72
:108330000590FFE7FEE70298006D58B9FFE74FF0A0
:10834000500080F31188BFF36F8FBFF34F8F0490FD
:10835000FFE7FEE70299086D013808650299C86ACF
:10836000C96C884238D0FFE70298006D90BBFFE7E8
:1083700002980430FEF764FB08B9FFE700E0FFE76E
:108380000299C86CC8620299C86AC0F13800886155
:108390000298C06A44F64861C2F200010968884246
:1083A00008D9FFE70298C06A44F64861C2F20001AA
:1083B0000860FFE70299C86A00EB800240F6385077
:1083C000C2F2000000EB82000431FEF7E5FB012061
:1083D000019000E0FFE700E0FFE700E0FFE7019821
:1083E00006B080BD0000000080B584B00290029805
:1083F000C068C0680190019858B9FFE74FF050007D
:1084000080F31188BFF36F8FBFF34F8F0390FFE7A7
:10841000FEE701981830FEF713FB44F64060C2F205
:108420000000006820BBFFE701980430FEF708FB5E
:108430000198C06A44F64861C2F2000109688842A6
:1084400008D9FFE70198C06A44F64861C2F200010A
:108450000860FFE70199C86A00EB800240F63850D7
:10846000C2F2000000EB82000431FEF795FB09E048
:10847000019800F1180145F28450C2F20000FEF7A5
:108480008BFBFFE70198C06A40F62051C2F2000161
:108490000968C96A884208D9FFE70120009045F2BF
:1084A0001861C2F20001086002E000200090FFE7BE
:1084B000009804B080BD000080B584B00020029018
:1084C000019044F64060C2F20000006858B9FFE72E
:1084D0004FF0500080F31188BFF36F8FBFF34F8FC1
:1084E0000390FFE7FEE7FEF783FB44F64060C2F22D
:1084F00000000168013901600068002840F099809F
:10850000FFE744F63860C2F200000068002800F07F
:108510008F80FFE7FFE745F28450C2F20000006859
:10852000002842D0FFE745F28450C2F20000C06844
:10853000C068029002981830FEF782FA0298043060
:10854000FEF77EFA0298C06A44F64861C2F2000162
:108550000968884208D9FFE70298C06A44F6486172
:10856000C2F200010860FFE70299C86A00EB8002CE
:1085700040F63850C2F2000000EB82000431FEF7F2
:108580000BFB0298C06A40F62051C2F20001096854
:10859000C96A884207D3FFE745F21861C2F20001B9
:1085A0000120086000E0FFE7B5E7029818B1FFE797
:1085B000FDF752F8FFE745F28050C2F20000006874
:1085C00000900098E0B1FFE7FFE7FFF7B1FD38B199
:1085D000FFE745F21861C2F200010120086000E0E7
:1085E000FFE7009801380090FFE700980028ECD1E1
:1085F000FFE745F28051C2F200010020086000E070
:10860000FFE745F21860C2F20000006870B1FFE7B2
:10861000012001904EF60451CEF200014FF080503F
:108620000860BFF34F8FBFF36F8F00E0FFE7FFE7F6
:1086300000E0FFE7FEF708FB019804B080BD0000F2
:1086400080B58AB000200890FCF7DEFA45F2106091
:10865000C2F20000006858B3FFE7002004900790C2
:10866000069007A806A905AAFEF726FA049B059A14
:108670000698DDF81CC06946C1F808C048600220B1
:10868000086045F61100C0F601004AF27C01C0F610
:108690000101FFF7ADFC014645F21460C2F2000093
:1086A0000160006818B1FFE701200890FFE700E0D3
:1086B000FFE7089858B9FFE74FF0500080F31188A2
:1086C000BFF36F8FBFF34F8F0990FFE7FEE7089866
:1086D0000AB080BD0000000080B58AB0DDF830C06F
:1086E000089007910692059300200490089858B9C5
:1086F000FFE74FF0500080F31188BFF36F8FBFF397
:108700004F8F0990FFE7FEE745F21060C2F20000CC
:108710000068A8B3FFE707980090069801900898B2
:108720000290079805281EDCFFE7FFF7C9FC022826
:108730000CD1FFE745F21060C2F2000000680C9A0D
:1087400069460023FFF7ECF804900BE045F2106057
:10875000C2F200000068694600231A46FFF7E0F8FD
:108760000490FFE70BE045F21060C2F200000068E1
:10877000059A69460023FFF7EBF90490FFE700E054
:10878000FFE704980AB080BD0FB47CB50C0009ADBA
:1087900001D0611E00E00021CDE90001064B6A46D0
:1087A0002946089800F07CFA002C02D0009A00219B
:1087B00011707CBC5DF814FBCF93010841000802E6
:1087C00018BF04200A0E18BF40F001004FF07F428E
:1087D00032EA010108BF40F00200012808BF05206D
:1087E0007047000070B54FF068422DED048BF0EE3D
:1087F000408A18EE900AB0EE608A18EE101A02EB6A
:108800004003B3F1654F3CBF02EB4102B2F1654F4B
:108810007DD200BFC0F3C753C1F3C7529A1A1B2AB7
:1088200009DD10F0004F14BF9FED830A9FED830A0E
:10883000BDEC048B70BD12F11A0F36DA11F0004F47
:1088400009D010F0004F0CBF9FED7D0A9FED7D0A0F
:10885000BDEC048B70BD88EE889A19EE100AFFF704
:10886000ADFF042808BF00F033F918EE900AFFF7B7
:10887000A5FF054618EE100AFFF7A0FF044619EE03
:10888000100AFFF79BFF042D18BF052D08D1042CFB
:1088900018BF052C04D1002804BF022000F030F9D5
:1088A000B0EE490ABDEC048B70BD4200B2EB410F43
:1088B0003AD910F0004F19BFDFED630A9FED630A4C
:1088C000DFED630A9FED630AB0EE481A0A46B1EE87
:1088D000688A80F00041F0EE418A10460A1A520080
:1088E000B2F1807F34D2484010F0004FDFED5A1AC9
:1088F0009FED5A2A1DBFBEEE001A70EEE10A30EE5F
:10890000420AB6EE001A08BF70EEA10A00E040E08D
:1089100008BF30EE020AB0EE682A01EE482A08EEDF
:10892000818AC2EE081A15E011F0004F04BF9FEDD6
:108930004C0AF0EE400AD1D010F0004F19BFDFED25
:10894000490A9FED490ADFED490A9FED490AC5E74B
:10895000C8EE881A21EEA11A9FED462ADFED462ABD
:1089600041EE022A9FED452A01EE222ADFED442A3C
:1089700041EE022A9FED432ABDEC048B01EE222A30
:1089800021EE811A01EE020A30EE210A30EE200AB1
:1089900070BD4FF07F42B2EB400F28BFB2EB410FEA
:1089A00009D2F0EE480AB0EE680ABDEC048BBDE8CF
:1089B000704000F08AB840EA01035B0008BF41F054
:1089C000FF410BD0B2EB400F08BFB2EB410F08D113
:1089D00020F0804008EE900A21F0804108EE101A45
:1089E00018E7B2EB400F12BF5FEA410340F0FF40CF
:1089F00001F000413FF40EAFB2EB410F12BF5FEA4E
:108A0000400200F0004041F0FF413FF403AF4A0054
:108A100092EA40033FF5FEAE002AACBF9FED1A0A72
:108A20009FED1A0A68EE808A28EE008A18EE900AF6
:108A300018EE101AEEE60000DB0FC9BFDB0FC93FCE
:108A4000DB0F4940DB0F49C00000C9BF22AAFDB9B6
:108A50000000C93F22AAFD390060ED3EC30ACE37AF
:108A600000000000000049C022AA7DBA0000494071
:108A700022AA7D3A2DAD65BD8FB8D53D0FB511BE8B
:108A800061C84C3EA8AAAABE0000804F0000802FFB
:108A900010B52DED028BB1EEC08A18EE100A20F051
:108AA0000040C0F1FF40C00F0AD010EE100A20F0C5
:108AB0000040C0F1FF40C00F04BF012000F020F8CB
:108AC000B0EE480ABDEC028B10BD30EE200A7047B4
:108AD0009FED020A20EE000A70470000000000101F
:108AE00002E008C8121F08C1002AFAD17047704777
:108AF000002001E001C1121F002AFBD170470000D5
:108B00000149086070470000000000202DE9FF5F68
:108B100082B00021DDE90430020DDDF840B00343EE
:108B200018D044F61050A2F2FF32424315141198A7
:108B300001281FD0A5EB0B00401C5FEA000A4FF094
:108B400000064E4FDFF83891B046504615D5CAF1B1
:108B5000000413E0119801244AA3012801D16FEA0F
:108B60000B010298119AC0E90031C0E9024206B037
:108B7000BDE8F09FCBF10000DFE704460021404A4A
:108B8000491842EB0450CDE9001012E0E00707D08D
:108B900032463B4640464946E8F7DBF88046894680
:108BA00032463B4610461946E8F7D3F806460F46CC
:108BB0006410002CEAD1DDE90401DDE90023BAF1FB
:108BC000000F06DAE8F7C5F842464B46E8F7C1F869
:108BD00005E0E8F730F942464B46E8F72CF9044641
:108BE0000E460022284BE8F7ADF903D84FF0FF30CE
:108BF000014607E00022254B20463146E8F702F8FF
:108C0000E8F788F9102409E0002C0ADB0A22002387
:108C1000E7F77CFB039B30321A55641E50EA0102D1
:108C2000F2D1641C039AC4F111031444119A012A6D
:108C300003D0012208430DD10AE0084304D00020EC
:108C40004FF0110B119072E7A3EB0B056D1E0DE0B9
:108C50005B4504DD4FF0000205F1010504E003DA95
:108C60004FF00002A5F10105002AECD002981199FD
:108C7000C0E90231C0E9004579E700000000144076
:108C80000000F03F300000000000F0430000E03F33
:108C900030380A2801D201207047002070470000B8
:108CA0002DE9FF4F95B09B468946064600250FE209
:108CB000252877D100242746F84A0121059400E0B1
:108CC000044316F8013F203B01FA03F01042F7D1AC
:108CD00030782A2811D06FF02F033078A0F13002BD
:108CE000092A16D8059A44F0020402EB820203EB2B
:108CF00042021044761C0590EFE759F8042B0592C8
:108D0000002A03DA504244F40054059044F002046F
:108D1000761C30782E2816D116F8010F44F0040482
:108D20002A280DD06FF02F023078A0F13003092BE4
:108D300009D807EB870302EB4303C718761CF3E758
:108D400059F8047B761C30786C280FD006DC4C2850
:108D500017D068280DD06A2814D104E0742810D0E8
:108D60007A280FD10DE044F400140AE044F4801492
:108D700001E044F440147278824202D104F5801478
:108D8000761C761C307866280BD013DC582877D0F8
:108D900009DC002875D04528F6D04628F4D04728AD
:108DA0001AD19DE118E0632835D0642879D0652870
:108DB00012D195E1702873D008DC6728F1D06928BA
:108DC0006FD06E280DD06F2806D1B5E073282CD057
:108DD000752875D0782874D05A46179990476D1C1D
:108DE00075E1C4F30250022809D003280DD0D9F848
:108DF000001004280DD00D6009F1040967E1D9F8CD
:108E00000010EA17C1E90052F6E7D9F800100D800A
:108E1000F2E70D70F0E719F8041B8DF80010002040
:108E20008DF80100EA46012003E059F804AB4FF049
:108E3000FF3061074FF0000102D40DE008F101019D
:108E40008846B9420FDA8045F8DB1AF80810002985
:108E5000F4D108E008F1010188468142FADB1AF8F2
:108E600008100029F6D105985B46A0EB08072146BB
:108E70003846179A00F094FA284400EB080507E0FA
:108E80004DE029E10DE01AF8010B5A461799904779
:108E9000B8F10108F7D25B4621463846179A13E12C
:108EA00042E00A220092C4F302524FF0000A022A62
:108EB00008D059F804CB032A4FEAEC710AD00DE030
:108EC00029E02AE009F1070121F00702F2E802C1D6
:108ED000914609E00FFA8CFC4FEAEC71042A03D1A9
:108EE0004FFA8CFC4FEAEC71002907DA0A460021A0
:108EF000DCF1000C61EB02012D2202E0220504D519
:108F00002B228DF80420012203E0E20701D0202269
:108F1000F7E7904659E00A2102E010220DE0102107
:108F20004FF0000A00910BE010224FF0000A44F0CD
:108F300004040827009203E008224FF0000A009280
:108F4000C4F30252022A05D059F804CB0021032AA7
:108F500008D009E009F1070121F00702F2E802C197
:108F6000914605E01FFA8CFC042A01D10CF0FF0C9D
:108F70004FF00008220728D5702806D0009B83F008
:108F8000100353EA0A0305D00EE040228DF80420B6
:108F9000012208E05CEA010206D030228DF80420AC
:108FA0008DF8050002229046009B83F0080353EAE7
:108FB0000A030AD15CEA010201D1620705D5302219
:108FC0008DF804204FF001087F1E582804D034A0EB
:108FD00003900EA802900DE036A0F9E753466046D4
:108FE000009AE7F793F984460398825C0298401E42
:108FF000029002705CEA0100F0D1029806A9081AFA
:1090000000F1200A600702D524F4803400E0012733
:10901000574502DDA7EB0A0000E0002000EB0A0143
:10902000009005984144401A0590E00306D45B4641
:109030002146179A059800F0B3F90544002706E089
:1090400001A85A46C05D179990476D1C7F1C474583
:10905000F6DBE0030CD55B462146179A059800F035
:109060009FF9054404E030205A46179990476D1C3B
:109070000099481E00900029F5DC08E0029802994A
:109080005A460078491C0291179990476D1CBAF115
:109090000001AAF1010AF1DC65E1000009280100E4
:1090A000303132333435363738396162636465665E
:1090B0000000000030313233343536373839414220
:1090C000434445460000000000F058F90544761C72
:1090D000307800287FF4ECAD19B02846BDE8F08F59
:1090E000620700D4062709F1070222F0070CFCE80A
:1090F0000223E14603F000485FEA080C02D00FF2B9
:10910000702C0DE05FEA045C02D50FF2682C07E0DA
:109110005FEAC47C02D00FF2602C01E0AFF2700C69
:109120004FF0FF3823F00043CDF850C065280CD035
:1091300006DC452809D046281DD047283DD13DE012
:10914000662818D067287ED138E00021112F01DB76
:10915000112000E0781CCDE9000106A90EA8FFF758
:10916000D5FCDDE90F010E9A03910021009207F171
:10917000010A04914DE04FF000400097CDE9011045
:1091800006A90EA8FFF7C2FCDDE90F0203920E9BB1
:1091900011990022DDF80CA00093049211B9791CFA
:1091A00000EB010AB7EB0A0004D4C0F1FF3007F16D
:1091B000010A0490AAEB0700019044E0012F00DAB5
:1091C00001270021112F01DD112000E03846CDE9F3
:1091D000000106A90EA8FFF799FCDDE90F010E9A20
:1091E0000391002104910092BA4621070CD40399FF
:1091F000514500DA8A46BAF1010F05DD009AAAF15D
:109200000101515C302908D0B84202DA10F1040F94
:1092100006DA0121CDE9011015E0AAF10101E9E723
:10922000002805DC049901440491AAEB000102E046
:10923000411C514500DD8A460499401A401C0190AA
:109240004FF000400290200704D40198504501DB04
:10925000CDF8048000208DF84F0002980DF14F07E3
:10926000B0F1004F25D02B200E9002984FF002084D
:1092700000280CDA404202902D200E9007E00A21CF
:109280000298E7F7E5F83031029007F8011DB8F1D0
:109290000001A8F10108F2DC02980028EFD1791E44
:1092A0000E980870307800F0200040F0450007F874
:1092B000020D12A8C01B00F107081498007800B135
:1092C000012000EB0A01019801EBE071059841448F
:1092D000401A401E0590E00306D45B462146179ACB
:1092E000059800F05DF805441498007818B15A46C6
:1092F000179990476D1CE00324D55B462146179AC9
:10930000059800F04DF805441CE00498002807DBA0
:10931000DDE90301884203DD0098405C179901E014
:10932000179930205A469047049805F10105401CD2
:1093300004900198401E019004D12E205A4617999E
:1093400090476D1CBAF10001AAF1010ADDDC05E0CD
:1093500017F8010B5A46179990476D1CB8F1000198
:10936000A8F10108F4DC5B462146179A0598ABE6A4
:109370002D0000002B000000200000002DE9F0412E
:10938000044600251E461746880404D405E03946E5
:109390002020B0476D1C641EF9D52846BDE8F08139
:1093A0002DE9F041044600251E469046C80301D52C
:1093B000302700E02027880404D505E041463846E0
:1093C000B0476D1C641EF9D52846BDE8F0814A6897
:1093D000002A06D00A68531C0B6010704868401EB3
:1093E00048607047DDDDDDDDDCBBBBDDDDDDDDDD07
:1093F000DDDDDDDD988888888888888877777777CD
:109400007788888885555556666666666666666698
:109410006668888883333332222222222222222243
:109420002228888D000000000000000000000000DD
:109430000000000000000000010000000200000029
:109440000300000004000000000000000500000010
:109450000000000000000000000000000600000006
:1094600000000000000000000000000007000000F5
:10947000000080400000000000000000000000002C
:109480000000F042CDCC4C3E0AD7A33C00000000C7
:109490000000A041000000410000804000000000EA
:1094A000EC51383ECDCC4C3E0000C03FCDCCCC3E44
:1094B000000000000AD7A33CCDCC4C3E3333B33E72
:1094C000A996010800000000000000000000000054
:1094D0000000000000060000200000000000000066
:1094E00000000000B5960108000000000000000028
:1094F0000000000000000000000800003000000034
:109500000000000000000000000000000102030451
:109510000102030406070809000102030405060707
:10952000080C101418203040000610160006101603
:10953000BE960108000000000000000000000000CE
:1095400000000000000600001800000000000000FD
:1095500000000000080402040801010101010103E8
:1095600007010000010002000400060008000A00D4
:109570000C00100020004000800000010010025884
:1095800020000000000C025880000000000C02586F
:1095900008000000000802588000000000000000E1
:1095A00000000000000000000000000000000000BB
:1095B00000000000000000000000000000000000AB
:1095C000000000000000000000000000000000009B
:1095D000000000000000000000000000000000008B
:1095E000000000000000000000000000000000007B
:1095F000000000000000000000000000000000006B
:10960000000000000000000000000000000000005A
:10961000000000000000000000000000000000004A
:10962000000000000000000000000000000000003A
:10963000000000000000000000000000000000002A
:10964000000000000000000000000000000000001A
:109650000000000000000000000000009A99993FFF
:109660000AD7A33D0AD7233D8FC2F53C0AD7233D35
:109670008FC2F53C9A99993F0AD7A33D0AD7233D5B
:109680008FC2F53C0AD7233D8FC2F53C0000000095
:1096900000000000000000000000000000000000CA
:1096A0000000000054414E4B31436F6D6D616E649C
:1096B0005461736B004374726C5461736B004D6F33
:1096C0006E69746F725461736B0070633A207561D8
:1096D000727437207065372F70653820313135321C
:1096E000303020384E310D0A002573206C617374C0
:1096F0005F74782069643D30782530336C5820746D
:109700003D256C756D7320646174613D2530325860
:10971000202530325820253032582025303258202C
:109720002530325820253032582025303258202517
:10973000303258207C206C6173745F7278206964C9
:109740003D30782530336C5820646C633D256C7552
:1097500020743D256C756D7320646174613D253006
:1097600032582025303258202530325820253032CA
:109770005820253032582025303258202530325894
:1097800020253032580D0A00736572766F20707292
:109790006F626520736964653D25732069643D25AA
:1097A000752073743D257520747873743D2575207C
:1097B0006C656E3D257520697372303D30782530BB
:1097C000386C5820697372313D30782530386C58C8
:1097D000206572723D30782530386C580D0A006172
:1097E000636B20636D640D0A007361666520626FB0
:1097F0006F743A20736C6565702073746174652CA6
:109800002073656E64207374616E6420746F2062CF
:10981000616C616E63650D0A00666F63206C3A6F60
:109820006E3D2575206167653D256C756D73206DF6
:109830006F64653D257520636D643D252E3466207B
:109840007370643D252E346620706F733D252E3471
:1098500066207C20723A6F6E3D2575206167653DFC
:10986000256C756D73206D6F64653D257520636D86
:10987000643D252E3466207370643D252E346620A9
:10988000706F733D252E34660D0A0062616C616E47
:10989000636520636D643A207374616E64203D20BB
:1098A000736572766F20737570706F7274202B20E1
:1098B00070697463682050494420776865656C73EB
:1098C0002C20736C656570203D206D6F746F722065
:1098D00073746F70202B20736572766F20746F72B3
:1098E000717565206F66660D0A00626C6F636B2090
:1098F0007265736574206F6B0D0A0061636B207273
:1099000078207061727365206661696C0D0A00626F
:10991000616C616E636520257320726561736F6E83
:109920003D25732070697463683D252E346620726E
:109930006174653D252E346620666F635F6C3D253E
:10994000752F256C756D7320666F635F723D25758D
:109950002F256C756D730D0A00736572766F732019
:109960007377617070656420746573743A206C65F8
:1099700066742075736172743130207065332F7096
:1099800065322C2072696768742075736172743156
:10999000207061392F706131302C20314D6270732D
:1099A0000D0A0074656C656D657472792064656676
:1099B00061756C74206F66662C2073656E6420740C
:1099C000656C656D65747279203120666F72204A0E
:1099D000757374466C6F61740D0A000D0A6D696EC3
:1099E0006920636F6E74726F6C6C657220763220C2
:1099F000696E69740D0A0063616E206175746F2071
:109A000064656661756C74206F66662C207573657D
:109A10002063616E20747820312F3220666F7220AF
:109A200073696E676C652D6672616D652074657310
:109A3000740D0A006D70753630353020693263322E
:109A40003D25752C206E7266323420737069313D6D
:109A500025750D0A00424C4F434B454420776865FD
:109A6000656C3D25750D0A0063616E206175746F2C
:109A70003D25750D0A00736572766F20726561640D
:109A80002069643D2575206572723D257520706FD3
:109A9000733D2575207370643D2575206C6F61647E
:109AA0003D257520766F6C743D252E3166562074E9
:109AB000656D703D25750D0A007374616E642061DB
:109AC000726D20746F727175655F73743D257520BA
:109AD000706F735F73743D2575206C6566743D25EA
:109AE000752072696768743D25750D0A007365728B
:109AF000766F20726561642073743D25750D0A00D0
:109B0000666F63206E6F64653D2575206D6F6465BB
:109B10003D25752076616C75653D252E3466207374
:109B2000743D25750D0A00736572766F207363614D
:109B30006E206C65667420757361727431302069B3
:109B4000643D25752073743D25750D0A007365729B
:109B5000766F207363616E20726967687420757315
:109B6000617274312069643D25752073743D2575DB
:109B70000D0A00736572766F202573207369646522
:109B80003D25732069643D25752073743D25750D51
:109B90000A0063616E20747825752073743D257505
:109BA0000D0A00736572766F20626175643D256CE5
:109BB000752073743D25750D0A007265636F7665B7
:109BC00072207374617274206469723D257320740D
:109BD00072793D257520736572766F5F73743D25CC
:109BE000750D0A0074656C656D657472793D257537
:109BF0000D0A0063616E207461736B206C6F6F706F
:109C0000733D256C7520626F6F74313D256C752036
:109C1000626F6F74323D256C750D0A0025732066E6
:109C20007265653D256C75207478713D256C7520D5
:109C30006F6B3D256C75206661696C3D256C7520E8
:109C400066756C6C3D256C752061626F72743D2584
:109C50006C752072783D256C752072786661696C30
:109C60003D256C752073743D256C75206572723DC1
:109C700030782530386C58206C65633D256C752034
:109C8000646C65633D256C75207465633D256C755A
:109C9000207265633D256C752065703D256C7520CF
:109CA0007761726E3D256C7520626F3D256C750D78
:109CB0000A00783A252E326620793A252E3266201F
:109CC0007A3A252E32660A0063616E310063616E56
:109CD0003200202530325800776865656C5F626C11
:109CE0006F636B6564007265636F7665725F666152
:109CF000696C65640066616C6C5F6465746563744F
:109D0000656400636D64007374616E6400736572F2
:109D1000766F5F736574746C65006E6F6E6500744A
:109D20006F727175655F6F66660070696E6700724D
:109D300065636F7665725F6261636B007265636F06
:109D40007665725F6F6B00616C6C007069645F6F49
:109D50006E00746F727175655F6F6E00736C656510
:109D600070007061697200736572766F20257300F0
:109D7000706F73006C656674007269676874007058
:109D8000697463685F6C696D697400696D755F6E95
:109D90006F745F72656164795F6F725F74696C7410
:109DA000006661756C7400666F635F66656564620A
:109DB00061636B5F6C6F73745F7472616E736965FE
:109DC0006E74007265636F7665725F66726F6E7433
:109DD00000666F635F626F74685F6C6F73740066B8
:109DE0006F635F6C6566745F6C6F737400666F633E
:109DF0005F72696768745F6C6F737400696D755F1B
:109E000074696D656F7574007278726177006C6546
:109E100066745F72780072696768745F7278006C4C
:109E20006566745F74780072696768745F7478003F
:109E3000414C4C0052004C4546540052494748544E
:109E400000666F6320656E61626C65202564006C3E
:109E5000717220656E61626C652025640063616EBD
:109E6000206175746F20256400666F632073746FC2
:109E700070202564006D6F6E69746F722025640018
:109E8000736572766F20746F72717565202531313C
:109E9000732025640063616E20726573746172744F
:109EA0002025640063616E20747820256400746549
:109EB0006C656D65747279202564006C7172206127
:109EC000202564202564202566006C7172206220A4
:109ED0002564202564202566006C7172206B202586
:109EE0006420256420256600666F632073706565B5
:109EF0006420256420256600666F6320746F72718C
:109F00007565202564202566006C717220666620C8
:109F1000256420256600666F6320706F736974691D
:109F20006F6E20256420256600666F6320706F7356
:109F300020256420256600736572766F2062617546
:109F4000642025660070696420737065656420254F
:109F500064202566202566202566007069642070CF
:109F60006F732025642025662025662025660077EE
:109F70006865656C20256420256620256620256699
:109F8000202566006C7172207374617465202566EB
:109F9000202566202566202566202566202566006A
:109FA0006C71722074617267657420256620256665
:109FB0002025662025662025662025660076656CAE
:109FC00020256620256600736572766F20706169B2
:109FD0007220256620256600706F73202566202577
:109FE0006600736572766F20706F73202531317350
:109FF000202566006C7172206C696D69742025667D
:10A000000076783D256620777A3D25660073657277
:10A01000766F207363616E00736572766F2073686C
:10A020007574646F776E0073746F70007365727609
:10A030006F2072656164202531317300736572761B
:10A040006F2070726F626520253131730073657205
:10A05000766F2070696E6720253131730063616E01
:10A06000207374617400626C6F636B20726573653A
:10A07000740049444C4500546D725100546D722077
:10A0800053766300B8A00108000000202000000003
:10A09000E08A0108D8A00108000000249001000017
:10A0A000BE140008D8A0010820000020007600009F
:10A0B000F08A010800000000000000000090D003BA
:10A0C0000090D0030008000801000000100000000C
:0CA0D000AAAAAAAA0000000001FF019348
:04000005080002CD20
:00000001FF
